Software Version,2.01.12,,,,,,,,,,,,,,,,,,,,,,,,,,,,,,,,,,,,,,,,,,,,,,,,,,,,,,,,,,,,,,,,,,,,,,,,,,,,,,,,,,,,,,,,,,,,,,,,,,
,,,,,,,,,,,,,,,,,,,,,,,,,,,,,,,,,,,,,,,,,,,,,,,,,,,,,,,,,,,,,,,,,,,,,,,,,,,,,,,,,,,,,,,,,,,,,,,,,,,
Experiment File Path:,,,,,,,,,,,,,,,,,,,,,,,,,,,,,,,,,,,,,,,,,,,,,,,,,,,,,,,,,,,,,,,,,,,,,,,,,,,,,,,,,,,,,,,,,,,,,,,,,,,
Protocol File Path:,C:\Users\Public\Documents\Protocols\CharlesReilly\40min _A450_25C_001.prt,,,,,,,,,,,,,,,,,,,,,,,,,,,,,,,,,,,,,,,,,,,,,,,,,,,,,,,,,,,,,,,,,,,,,,,,,,,,,,,,,,,,,,,,,,,,,,,,,,
Plate Number,Plate 1,,,,,,,,,,,,,,,,,,,,,,,,,,,,,,,,,,,,,,,,,,,,,,,,,,,,,,,,,,,,,,,,,,,,,,,,,,,,,,,,,,,,,,,,,,,,,,,,,,
Date,3/8/19,,,,,,,,,,,,,,,,,,,,,,,,,,,,,,,,,,,,,,,,,,,,,,,,,,,,,,,,,,,,,,,,,,,,,,,,,,,,,,,,,,,,,,,,,,,,,,,,,,
Time,5:57:03 AM,,,,,,,,,,,,,,,,,,,,,,,,,,,,,,,,,,,,,,,,,,,,,,,,,,,,,,,,,,,,,,,,,,,,,,,,,,,,,,,,,,,,,,,,,,,,,,,,,,
Reader Type:,Synergy H1,,,,,,,,,,,,,,,,,,,,,,,,,,,,,,,,,,,,,,,,,,,,,,,,,,,,,,,,,,,,,,,,,,,,,,,,,,,,,,,,,,,,,,,,,,,,,,,,,,
Reader Serial Number:,258512,,,,,,,,,,,,,,,,,,,,,,,,,,,,,,,,,,,,,,,,,,,,,,,,,,,,,,,,,,,,,,,,,,,,,,,,,,,,,,,,,,,,,,,,,,,,,,,,,,
Reading Type,Reader,,,,,,,,,,,,,,,,,,,,,,,,,,,,,,,,,,,,,,,,,,,,,,,,,,,,,,,,,,,,,,,,,,,,,,,,,,,,,,,,,,,,,,,,,,,,,,,,,,
,,,,,,,,,,,,,,,,,,,,,,,,,,,,,,,,,,,,,,,,,,,,,,,,,,,,,,,,,,,,,,,,,,,,,,,,,,,,,,,,,,,,,,,,,,,,,,,,,,,
Procedure Details,,,,,,,,,,,,,,,,,,,,,,,,,,,,,,,,,,,,,,,,,,,,,,,,,,,,,,,,,,,,,,,,,,,,,,,,,,,,,,,,,,,,,,,,,,,,,,,,,,,
Plate Type,96 WELL PLATE,,,,,,,,,,,,,,,,,,,,,,,,,,,,,,,,,,,,,,,,,,,,,,,,,,,,,,,,,,,,,,,,,,,,,,,,,,,,,,,,,,,,,,,,,,,,,,,,,,
Set Temperature,Setpoint 25°C,,,,,,,,,,,,,,,,,,,,,,,,,,,,,,,,,,,,,,,,,,,,,,,,,,,,,,,,,,,,,,,,,,,,,,,,,,,,,,,,,,,,,,,,,,,,,,,,,,
,Preheat before moving to next step,,,,,,,,,,,,,,,,,,,,,,,,,,,,,,,,,,,,,,,,,,,,,,,,,,,,,,,,,,,,,,,,,,,,,,,,,,,,,,,,,,,,,,,,,,,,,,,,,,
Start Kinetic,"Runtime 0:40:00 (HH:MM:SS), Interval 0:01:00, 41 Reads",,,,,,,,,,,,,,,,,,,,,,,,,,,,,,,,,,,,,,,,,,,,,,,,,,,,,,,,,,,,,,,,,,,,,,,,,,,,,,,,,,,,,,,,,,,,,,,,,,
Read,Absorbance Endpoint,,,,,,,,,,,,,,,,,,,,,,,,,,,,,,,,,,,,,,,,,,,,,,,,,,,,,,,,,,,,,,,,,,,,,,,,,,,,,,,,,,,,,,,,,,,,,,,,,,
,Full Plate,,,,,,,,,,,,,,,,,,,,,,,,,,,,,,,,,,,,,,,,,,,,,,,,,,,,,,,,,,,,,,,,,,,,,,,,,,,,,,,,,,,,,,,,,,,,,,,,,,
,Wavelengths: 450,,,,,,,,,,,,,,,,,,,,,,,,,,,,,,,,,,,,,,,,,,,,,,,,,,,,,,,,,,,,,,,,,,,,,,,,,,,,,,,,,,,,,,,,,,,,,,,,,,
,"Read Speed: Normal, Delay: 100 msec, Measurements/Data Point: 8",,,,,,,,,,,,,,,,,,,,,,,,,,,,,,,,,,,,,,,,,,,,,,,,,,,,,,,,,,,,,,,,,,,,,,,,,,,,,,,,,,,,,,,,,,,,,,,,,,
End Kinetic,,,,,,,,,,,,,,,,,,,,,,,,,,,,,,,,,,,,,,,,,,,,,,,,,,,,,,,,,,,,,,,,,,,,,,,,,,,,,,,,,,,,,,,,,,,,,,,,,,,
,,,,,,,,,,,,,,,,,,,,,,,,,,,,,,,,,,,,,,,,,,,,,,,,,,,,,,,,,,,,,,,,,,,,,,,,,,,,,,,,,,,,,,,,,,,,,,,,,,,
Results,,,,,,,,,,,,,,,,,,,,,,,,,,,,,,,,,,,,,,,,,,,,,,,,,,,,,,,,,,,,,,,,,,,,,,,,,,,,,,,,,,,,,,,,,,,,,,,,,,,
Min Temperature:,25.7,,,,,,,,,,,,,,,,,,,,,,,,,,,,,,,,,,,,,,,,,,,,,,,,,,,,,,,,,,,,,,,,,,,,,,,,,,,,,,,,,,,,,,,,,,,,,,,,,,
Max Temperature:,25.7,,,,,,,,,,,,,,,,,,,,,,,,,,,,,,,,,,,,,,,,,,,,,,,,,,,,,,,,,,,,,,,,,,,,,,,,,,,,,,,,,,,,,,,,,,,,,,,,,,
,,,,,,,,,,,,,,,,,,,,,,,,,,,,,,,,,,,,,,,,,,,,,,,,,,,,,,,,,,,,,,,,,,,,,,,,,,,,,,,,,,,,,,,,,,,,,,,,,,,
450,,,,,,,,,,,,,,,,,,,,,,,,,,,,,,,,,,,,,,,,,,,,,,,,,,,,,,,,,,,,,,,,,,,,,,,,,,,,,,,,,,,,,,,,,,,,,,,,,,,
,,Time,T° 450,Blank,Blank,Blank,Neg Ctrl,Neg Ctrl,Neg Ctrl,Pos Ctrl,Pos Ctrl,Pos Ctrl,Trehalose ( 10mM),Trehalose ( 10mM),Trehalose ( 10mM),Trehalose ( 1 mM),Trehalose ( 1 mM),Trehalose ( 1 mM),Trehalose ( 1E-1 mM),Trehalose ( 1E-1 mM),Trehalose ( 1E-1 mM),Trehalose ( 1E-2 mM),Trehalose ( 1E-2 mM),Trehalose ( 1E-2 mM),Trehalose ( 1E-3 mM),Trehalose ( 1E-3 mM),Trehalose ( 1E-3 mM),Trehalose ( 1E-4 mM),Trehalose ( 1E-4 mM),Trehalose ( 1E-4 mM),Trehalose ( 1E-5 mM),Trehalose ( 1E-5 mM),Trehalose ( 1E-5 mM),Trehalose ( 1E-6 mM),Trehalose ( 1E-6 mM),Trehalose ( 1E-6 mM),Dextrose (10 mM),Dextrose (10 mM),Dextrose (10 mM),Dextrose (1 mM),Dextrose (1 mM),Dextrose (1 mM),Dextrose (1E-1 mM),Dextrose (1E-1 mM),Dextrose (1E-1 mM),Dextrose (1E-2 mM),Dextrose (1E-2 mM),Dextrose (1E-2 mM),Dextrose (1E-3 mM),Dextrose (1E-3 mM),Dextrose (1E-3 mM),Dextrose (1E-4 mM),Dextrose (1E-4 mM),Dextrose (1E-4 mM),Dextrose (1E-5 mM),Dextrose (1E-5 mM),Dextrose (1E-5 mM),Dextrose (1E-6 mM),Dextrose (1E-6 mM),Dextrose (1E-6 mM),Maltitol (10 mM),Maltitol (10 mM),Maltitol (10 mM),Maltitol (1 mM),Maltitol (1 mM),Maltitol (1 mM),Maltitol (1E-1 mM),Maltitol (1E-1 mM),Maltitol (1E-1 mM),Maltitol (1E-2 mM),Maltitol (1E-2 mM),Maltitol (1E-2 mM),Maltitol (1E-3 mM),Maltitol (1E-3 mM),Maltitol (1E-3 mM),Maltitol (1E-4 mM),Maltitol (1E-4 mM),Maltitol (1E-4 mM),Maltitol (1E-5 mM),Maltitol (1E-5 mM),Maltitol (1E-5 mM),Maltitol (1E-6 mM),Maltitol (1E-6 mM),Maltitol (1E-6 mM),,,,,,,,,,,,,,,
,,0:00:00,25.7,0.039,0.039,0.04,0.504,0.488,0.502,0.348,0.343,0.333,0.336,0.339,0.33,0.34,0.343,0.344,0.342,0.356,0.378,0.35,0.405,0.316,0.378,0.33,0.34,0.376,0.365,0.38,0.353,0.335,0.383,0.421,0.395,0.318,0.357,0.45,0.354,0.267,0.354,0.338,0.344,0.392,0.374,0.357,0.37,0.341,0.356,0.369,0.344,0.381,0.355,0.415,0.377,0.361,0.345,0.36,0.348,0.357,0.362,0.337,0.344,0.374,0.436,0.401,0.351,0.334,0.319,0.384,0.353,0.396,0.361,0.363,0.349,0.361,0.375,0.376,0.384,0.373,0.409,0.389,0.38,0.372,,,,,,,,,,,,,,,
,,0:01:00,25.7,0.039,0.039,0.04,0.514,0.503,0.498,0.285,0.297,0.289,0.309,0.307,0.305,0.306,0.294,0.295,0.315,0.293,0.303,0.268,0.301,0.295,0.306,0.295,0.296,0.307,0.301,0.323,0.275,0.308,0.322,0.327,0.331,0.294,0.338,0.315,0.323,0.237,0.312,0.315,0.313,0.292,0.313,0.309,0.295,0.298,0.288,0.303,0.306,0.315,0.334,0.325,0.331,0.305,0.296,0.316,0.309,0.311,0.314,0.307,0.302,0.329,0.302,0.305,0.292,0.301,0.273,0.317,0.306,0.303,0.337,0.297,0.306,0.325,0.317,0.315,0.328,0.323,0.316,0.318,0.298,0.311,,,,,,,,,,,,,,,
,,0:02:00,25.7,0.039,0.039,0.04,0.498,0.509,0.508,0.244,0.254,0.24,0.268,0.272,0.258,0.252,0.251,0.253,0.254,0.24,0.251,0.239,0.259,0.253,0.266,0.265,0.273,0.275,0.278,0.275,0.231,0.263,0.281,0.28,0.277,0.27,0.283,0.27,0.282,0.205,0.269,0.274,0.257,0.263,0.268,0.265,0.252,0.254,0.242,0.258,0.255,0.27,0.293,0.27,0.273,0.258,0.258,0.269,0.263,0.266,0.268,0.264,0.259,0.271,0.261,0.261,0.248,0.26,0.242,0.26,0.268,0.261,0.294,0.256,0.261,0.278,0.263,0.264,0.272,0.266,0.267,0.269,0.26,0.261,,,,,,,,,,,,,,,
,,0:03:00,25.7,0.038,0.039,0.04,0.502,0.507,0.511,0.207,0.212,0.202,0.235,0.238,0.222,0.217,0.216,0.216,0.224,0.203,0.212,0.21,0.221,0.218,0.233,0.242,0.229,0.239,0.238,0.24,0.196,0.226,0.236,0.243,0.239,0.232,0.234,0.242,0.25,0.178,0.228,0.239,0.227,0.227,0.23,0.232,0.234,0.221,0.206,0.223,0.228,0.243,0.262,0.247,0.233,0.22,0.219,0.232,0.228,0.226,0.23,0.225,0.224,0.232,0.225,0.223,0.216,0.22,0.209,0.219,0.231,0.223,0.263,0.22,0.223,0.229,0.225,0.228,0.242,0.228,0.23,0.225,0.222,0.222,,,,,,,,,,,,,,,
,,0:04:00,25.7,0.039,0.039,0.04,0.503,0.502,0.506,0.178,0.185,0.174,0.199,0.206,0.19,0.185,0.186,0.188,0.194,0.172,0.184,0.186,0.189,0.19,0.206,0.216,0.203,0.204,0.212,0.21,0.171,0.196,0.209,0.214,0.212,0.202,0.199,0.213,0.219,0.186,0.198,0.213,0.195,0.192,0.197,0.205,0.213,0.193,0.177,0.193,0.2,0.215,0.235,0.217,0.205,0.19,0.191,0.202,0.198,0.196,0.199,0.196,0.196,0.201,0.195,0.189,0.186,0.19,0.18,0.19,0.202,0.191,0.233,0.188,0.193,0.202,0.199,0.195,0.207,0.197,0.208,0.194,0.191,0.191,,,,,,,,,,,,,,,
,,0:05:00,25.7,0.038,0.039,0.04,0.506,0.507,0.505,0.156,0.163,0.151,0.176,0.178,0.167,0.16,0.164,0.164,0.167,0.151,0.163,0.164,0.165,0.17,0.183,0.196,0.188,0.176,0.186,0.188,0.152,0.17,0.188,0.192,0.193,0.18,0.176,0.193,0.195,0.177,0.172,0.196,0.173,0.167,0.173,0.184,0.196,0.17,0.155,0.17,0.176,0.199,0.218,0.192,0.181,0.167,0.171,0.177,0.177,0.171,0.173,0.171,0.171,0.179,0.169,0.167,0.161,0.165,0.157,0.168,0.178,0.17,0.212,0.166,0.171,0.185,0.175,0.17,0.182,0.168,0.185,0.171,0.167,0.169,,,,,,,,,,,,,,,
,,0:06:00,25.7,0.038,0.039,0.04,0.507,0.509,0.505,0.144,0.149,0.138,0.156,0.156,0.149,0.144,0.149,0.145,0.144,0.138,0.156,0.147,0.146,0.153,0.168,0.177,0.171,0.157,0.171,0.171,0.14,0.152,0.169,0.176,0.182,0.164,0.156,0.18,0.171,0.168,0.158,0.182,0.153,0.149,0.159,0.163,0.179,0.154,0.138,0.152,0.156,0.175,0.206,0.171,0.163,0.148,0.155,0.16,0.159,0.153,0.154,0.152,0.155,0.16,0.148,0.147,0.144,0.147,0.14,0.15,0.159,0.151,0.195,0.147,0.149,0.165,0.153,0.152,0.16,0.149,0.162,0.153,0.149,0.15,,,,,,,,,,,,,,,
,,0:07:00,25.7,0.039,0.039,0.04,0.507,0.51,0.505,0.129,0.138,0.125,0.14,0.14,0.134,0.13,0.136,0.13,0.13,0.127,0.153,0.134,0.133,0.14,0.15,0.163,0.156,0.141,0.165,0.159,0.133,0.139,0.155,0.161,0.174,0.151,0.141,0.17,0.152,0.153,0.15,0.175,0.139,0.135,0.149,0.148,0.166,0.141,0.126,0.138,0.141,0.155,0.194,0.155,0.151,0.134,0.139,0.146,0.144,0.138,0.139,0.136,0.141,0.146,0.135,0.134,0.13,0.133,0.125,0.135,0.145,0.137,0.181,0.134,0.135,0.147,0.139,0.139,0.143,0.136,0.15,0.139,0.136,0.136,,,,,,,,,,,,,,,
,,0:08:00,25.7,0.038,0.039,0.04,0.505,0.508,0.506,0.118,0.128,0.118,0.129,0.13,0.124,0.119,0.125,0.119,0.121,0.118,0.139,0.126,0.123,0.131,0.139,0.152,0.147,0.131,0.163,0.15,0.131,0.129,0.144,0.153,0.169,0.141,0.131,0.162,0.14,0.139,0.144,0.171,0.128,0.124,0.149,0.139,0.157,0.132,0.116,0.127,0.13,0.139,0.182,0.142,0.143,0.124,0.129,0.133,0.133,0.127,0.128,0.125,0.129,0.137,0.126,0.125,0.12,0.123,0.114,0.126,0.134,0.126,0.17,0.123,0.124,0.136,0.127,0.129,0.132,0.123,0.136,0.128,0.125,0.126,,,,,,,,,,,,,,,
,,0:09:00,25.7,0.039,0.039,0.04,0.506,0.509,0.506,0.112,0.12,0.111,0.12,0.124,0.117,0.112,0.119,0.112,0.114,0.111,0.129,0.117,0.115,0.124,0.13,0.142,0.139,0.123,0.155,0.142,0.137,0.123,0.137,0.15,0.166,0.135,0.123,0.156,0.134,0.13,0.141,0.167,0.119,0.117,0.151,0.132,0.15,0.125,0.109,0.118,0.122,0.129,0.173,0.132,0.137,0.116,0.118,0.126,0.126,0.119,0.118,0.117,0.121,0.132,0.117,0.117,0.113,0.117,0.106,0.119,0.126,0.119,0.163,0.114,0.116,0.127,0.118,0.122,0.128,0.116,0.129,0.12,0.117,0.119,,,,,,,,,,,,,,,
,,0:10:00,25.7,0.039,0.039,0.04,0.506,0.509,0.506,0.106,0.113,0.106,0.114,0.118,0.111,0.107,0.114,0.106,0.109,0.105,0.12,0.112,0.11,0.118,0.123,0.134,0.131,0.117,0.146,0.136,0.14,0.117,0.133,0.15,0.163,0.132,0.117,0.152,0.124,0.124,0.142,0.163,0.115,0.112,0.151,0.128,0.146,0.119,0.105,0.112,0.115,0.123,0.167,0.125,0.136,0.11,0.111,0.119,0.119,0.112,0.112,0.111,0.114,0.129,0.111,0.111,0.107,0.112,0.101,0.114,0.12,0.113,0.158,0.109,0.111,0.12,0.112,0.115,0.127,0.111,0.123,0.114,0.112,0.113,,,,,,,,,,,,,,,
,,0:11:00,25.7,0.039,0.039,0.04,0.506,0.51,0.506,0.102,0.109,0.103,0.109,0.115,0.107,0.103,0.109,0.102,0.105,0.101,0.113,0.108,0.107,0.113,0.118,0.128,0.124,0.112,0.138,0.13,0.139,0.112,0.133,0.151,0.159,0.13,0.113,0.151,0.118,0.12,0.141,0.157,0.112,0.109,0.152,0.124,0.141,0.114,0.101,0.108,0.11,0.117,0.162,0.12,0.136,0.105,0.105,0.115,0.114,0.108,0.107,0.106,0.109,0.127,0.107,0.107,0.102,0.108,0.096,0.11,0.116,0.109,0.154,0.104,0.106,0.114,0.107,0.111,0.121,0.106,0.119,0.109,0.108,0.109,,,,,,,,,,,,,,,
,,0:12:00,25.7,0.039,0.039,0.04,0.507,0.512,0.507,0.099,0.105,0.1,0.106,0.111,0.103,0.1,0.106,0.1,0.102,0.098,0.108,0.104,0.104,0.109,0.115,0.124,0.118,0.108,0.131,0.126,0.137,0.109,0.132,0.153,0.155,0.129,0.109,0.152,0.114,0.116,0.138,0.152,0.11,0.106,0.15,0.121,0.137,0.11,0.098,0.105,0.107,0.113,0.153,0.116,0.135,0.102,0.101,0.11,0.11,0.105,0.103,0.102,0.106,0.126,0.103,0.104,0.099,0.105,0.094,0.107,0.112,0.105,0.151,0.101,0.102,0.111,0.103,0.107,0.115,0.102,0.116,0.106,0.104,0.105,,,,,,,,,,,,,,,
,,0:13:00,25.7,0.039,0.039,0.04,0.506,0.512,0.508,0.096,0.103,0.098,0.102,0.108,0.101,0.098,0.103,0.097,0.1,0.095,0.105,0.102,0.102,0.105,0.112,0.12,0.115,0.105,0.126,0.122,0.135,0.107,0.13,0.152,0.151,0.127,0.106,0.155,0.111,0.113,0.135,0.149,0.11,0.104,0.149,0.118,0.133,0.107,0.095,0.102,0.104,0.11,0.142,0.112,0.133,0.099,0.097,0.106,0.106,0.102,0.1,0.099,0.103,0.124,0.1,0.101,0.097,0.102,0.09,0.104,0.109,0.102,0.148,0.098,0.099,0.108,0.101,0.103,0.11,0.099,0.113,0.103,0.102,0.102,,,,,,,,,,,,,,,
,,0:14:00,25.7,0.038,0.039,0.04,0.506,0.511,0.507,0.095,0.101,0.096,0.1,0.106,0.098,0.096,0.101,0.095,0.098,0.093,0.102,0.099,0.099,0.102,0.109,0.117,0.112,0.102,0.122,0.118,0.134,0.106,0.127,0.151,0.148,0.125,0.103,0.155,0.108,0.111,0.131,0.146,0.11,0.103,0.146,0.115,0.129,0.104,0.093,0.1,0.101,0.107,0.135,0.109,0.13,0.097,0.095,0.103,0.104,0.1,0.098,0.097,0.101,0.122,0.098,0.098,0.095,0.099,0.088,0.102,0.107,0.1,0.145,0.096,0.097,0.105,0.098,0.101,0.106,0.097,0.11,0.1,0.099,0.1,,,,,,,,,,,,,,,
,,0:15:00,25.7,0.039,0.039,0.04,0.506,0.512,0.507,0.093,0.099,0.095,0.098,0.102,0.096,0.095,0.099,0.094,0.096,0.091,0.1,0.098,0.098,0.1,0.107,0.115,0.11,0.1,0.118,0.115,0.132,0.107,0.125,0.149,0.146,0.123,0.102,0.151,0.106,0.108,0.126,0.144,0.111,0.102,0.144,0.113,0.126,0.101,0.091,0.098,0.099,0.101,0.129,0.107,0.127,0.095,0.094,0.101,0.101,0.099,0.096,0.095,0.099,0.121,0.097,0.096,0.092,0.097,0.087,0.1,0.104,0.098,0.144,0.094,0.095,0.103,0.096,0.099,0.104,0.095,0.107,0.098,0.097,0.097,,,,,,,,,,,,,,,
,,0:16:00,25.7,0.039,0.039,0.04,0.507,0.512,0.508,0.091,0.097,0.093,0.096,0.101,0.095,0.093,0.097,0.092,0.094,0.09,0.098,0.096,0.096,0.099,0.105,0.113,0.108,0.098,0.115,0.113,0.13,0.11,0.123,0.147,0.143,0.122,0.1,0.146,0.104,0.107,0.123,0.142,0.111,0.1,0.142,0.111,0.124,0.099,0.089,0.096,0.097,0.101,0.123,0.105,0.124,0.093,0.095,0.099,0.098,0.097,0.094,0.093,0.097,0.12,0.095,0.095,0.091,0.096,0.085,0.098,0.102,0.096,0.142,0.092,0.093,0.101,0.094,0.097,0.1,0.093,0.105,0.096,0.095,0.095,,,,,,,,,,,,,,,
,,0:17:00,25.7,0.039,0.039,0.04,0.508,0.512,0.507,0.09,0.095,0.092,0.094,0.1,0.093,0.091,0.096,0.091,0.093,0.088,0.096,0.095,0.094,0.097,0.103,0.112,0.107,0.097,0.113,0.11,0.128,0.113,0.121,0.145,0.141,0.12,0.098,0.141,0.103,0.105,0.12,0.14,0.11,0.099,0.14,0.109,0.121,0.097,0.088,0.095,0.096,0.099,0.118,0.103,0.121,0.092,0.094,0.097,0.097,0.096,0.092,0.092,0.095,0.119,0.094,0.093,0.09,0.094,0.084,0.096,0.1,0.095,0.14,0.09,0.092,0.099,0.093,0.096,0.097,0.092,0.103,0.094,0.094,0.094,,,,,,,,,,,,,,,
,,0:18:00,25.7,0.039,0.039,0.04,0.507,0.512,0.508,0.089,0.094,0.091,0.093,0.098,0.092,0.09,0.094,0.09,0.092,0.087,0.095,0.093,0.093,0.095,0.101,0.11,0.105,0.095,0.111,0.108,0.126,0.115,0.118,0.143,0.139,0.118,0.096,0.136,0.1,0.104,0.117,0.138,0.108,0.098,0.137,0.107,0.119,0.095,0.087,0.093,0.094,0.098,0.114,0.102,0.118,0.091,0.092,0.095,0.095,0.095,0.091,0.091,0.094,0.117,0.092,0.092,0.089,0.092,0.083,0.095,0.099,0.093,0.139,0.089,0.09,0.097,0.091,0.094,0.096,0.09,0.101,0.093,0.092,0.092,,,,,,,,,,,,,,,
,,0:19:00,25.7,0.039,0.039,0.039,0.507,0.513,0.508,0.088,0.093,0.089,0.092,0.097,0.091,0.089,0.093,0.089,0.091,0.086,0.094,0.092,0.092,0.094,0.1,0.109,0.103,0.094,0.109,0.107,0.123,0.114,0.117,0.141,0.137,0.117,0.095,0.132,0.099,0.102,0.114,0.136,0.106,0.097,0.135,0.106,0.117,0.094,0.086,0.092,0.092,0.096,0.111,0.1,0.115,0.09,0.091,0.094,0.093,0.094,0.09,0.089,0.093,0.116,0.091,0.09,0.088,0.091,0.082,0.093,0.097,0.092,0.138,0.088,0.089,0.095,0.09,0.093,0.094,0.089,0.099,0.091,0.091,0.091,,,,,,,,,,,,,,,
,,0:20:00,25.7,0.038,0.039,0.039,0.508,0.513,0.508,0.087,0.092,0.089,0.09,0.096,0.09,0.088,0.092,0.088,0.09,0.085,0.092,0.091,0.09,0.092,0.098,0.107,0.101,0.092,0.107,0.105,0.121,0.114,0.115,0.14,0.136,0.115,0.093,0.128,0.098,0.101,0.112,0.135,0.105,0.096,0.134,0.104,0.115,0.092,0.085,0.091,0.09,0.095,0.108,0.099,0.112,0.089,0.09,0.092,0.092,0.093,0.089,0.088,0.092,0.115,0.09,0.089,0.087,0.09,0.081,0.092,0.095,0.09,0.136,0.087,0.088,0.093,0.089,0.092,0.092,0.088,0.097,0.09,0.09,0.09,,,,,,,,,,,,,,,
,,0:21:00,25.7,0.039,0.039,0.04,0.507,0.513,0.508,0.087,0.091,0.088,0.089,0.095,0.089,0.087,0.091,0.087,0.09,0.084,0.091,0.09,0.089,0.091,0.097,0.105,0.1,0.091,0.106,0.103,0.119,0.111,0.113,0.138,0.134,0.113,0.092,0.125,0.097,0.101,0.109,0.135,0.103,0.095,0.132,0.103,0.114,0.091,0.084,0.09,0.089,0.092,0.106,0.097,0.109,0.088,0.089,0.091,0.091,0.093,0.088,0.088,0.091,0.113,0.089,0.088,0.086,0.089,0.08,0.091,0.094,0.089,0.135,0.086,0.087,0.092,0.088,0.091,0.091,0.087,0.096,0.089,0.088,0.088,,,,,,,,,,,,,,,
,,0:22:00,25.7,0.039,0.039,0.04,0.508,0.514,0.509,0.086,0.09,0.087,0.088,0.095,0.088,0.087,0.09,0.087,0.089,0.084,0.09,0.089,0.088,0.09,0.095,0.103,0.098,0.09,0.104,0.102,0.117,0.109,0.112,0.136,0.133,0.111,0.09,0.124,0.095,0.1,0.107,0.134,0.101,0.094,0.131,0.102,0.112,0.089,0.083,0.089,0.088,0.09,0.103,0.096,0.106,0.087,0.088,0.09,0.089,0.092,0.087,0.087,0.09,0.112,0.088,0.087,0.085,0.088,0.079,0.09,0.092,0.088,0.134,0.085,0.086,0.091,0.087,0.09,0.091,0.086,0.094,0.087,0.088,0.088,,,,,,,,,,,,,,,
,,0:23:00,25.7,0.039,0.039,0.04,0.507,0.514,0.509,0.086,0.09,0.086,0.088,0.094,0.087,0.086,0.089,0.086,0.088,0.083,0.089,0.088,0.088,0.089,0.094,0.102,0.097,0.089,0.103,0.101,0.115,0.107,0.11,0.135,0.132,0.11,0.089,0.122,0.095,0.099,0.105,0.133,0.099,0.093,0.129,0.101,0.111,0.088,0.082,0.088,0.087,0.089,0.102,0.095,0.104,0.086,0.088,0.089,0.089,0.091,0.087,0.086,0.089,0.111,0.087,0.086,0.085,0.087,0.078,0.089,0.091,0.088,0.133,0.084,0.086,0.09,0.086,0.089,0.09,0.086,0.093,0.087,0.087,0.087,,,,,,,,,,,,,,,
,,0:24:00,25.7,0.039,0.039,0.039,0.509,0.514,0.509,0.085,0.089,0.086,0.087,0.093,0.087,0.086,0.088,0.085,0.087,0.082,0.088,0.088,0.087,0.088,0.092,0.1,0.095,0.088,0.102,0.099,0.113,0.105,0.109,0.133,0.131,0.109,0.088,0.12,0.093,0.098,0.103,0.132,0.098,0.092,0.127,0.1,0.11,0.087,0.082,0.087,0.086,0.088,0.1,0.093,0.102,0.086,0.087,0.089,0.088,0.091,0.086,0.086,0.089,0.109,0.087,0.086,0.084,0.086,0.078,0.088,0.09,0.087,0.132,0.083,0.085,0.088,0.085,0.089,0.089,0.085,0.092,0.086,0.086,0.086,,,,,,,,,,,,,,,
,,0:25:00,25.7,0.039,0.039,0.039,0.508,0.514,0.508,0.084,0.088,0.085,0.086,0.093,0.086,0.085,0.087,0.085,0.087,0.082,0.088,0.087,0.086,0.088,0.091,0.099,0.094,0.088,0.101,0.098,0.112,0.103,0.108,0.132,0.13,0.108,0.087,0.118,0.091,0.097,0.101,0.131,0.096,0.092,0.126,0.099,0.109,0.085,0.081,0.087,0.085,0.088,0.099,0.092,0.1,0.085,0.086,0.088,0.087,0.09,0.086,0.085,0.088,0.108,0.086,0.085,0.083,0.085,0.077,0.087,0.088,0.086,0.131,0.083,0.085,0.087,0.085,0.088,0.088,0.085,0.091,0.086,0.086,0.086,,,,,,,,,,,,,,,
,,0:26:00,25.7,0.038,0.039,0.039,0.508,0.514,0.51,0.084,0.088,0.084,0.086,0.092,0.086,0.084,0.087,0.084,0.086,0.081,0.087,0.086,0.085,0.087,0.09,0.097,0.093,0.087,0.099,0.097,0.11,0.101,0.107,0.131,0.129,0.107,0.086,0.117,0.09,0.095,0.1,0.13,0.095,0.091,0.125,0.098,0.108,0.084,0.08,0.086,0.085,0.085,0.098,0.091,0.098,0.085,0.086,0.087,0.086,0.09,0.085,0.084,0.087,0.107,0.086,0.085,0.083,0.085,0.076,0.087,0.087,0.085,0.131,0.082,0.084,0.086,0.084,0.088,0.087,0.084,0.09,0.084,0.085,0.085,,,,,,,,,,,,,,,
,,0:27:00,25.7,0.039,0.039,0.039,0.508,0.514,0.508,0.083,0.087,0.084,0.085,0.092,0.085,0.084,0.086,0.084,0.086,0.081,0.086,0.086,0.085,0.086,0.089,0.096,0.091,0.086,0.098,0.095,0.109,0.1,0.107,0.13,0.129,0.106,0.086,0.116,0.089,0.094,0.099,0.129,0.094,0.09,0.124,0.097,0.107,0.083,0.08,0.086,0.084,0.084,0.096,0.09,0.097,0.084,0.085,0.086,0.086,0.09,0.085,0.084,0.087,0.106,0.085,0.084,0.082,0.084,0.076,0.086,0.087,0.085,0.13,0.082,0.084,0.086,0.084,0.087,0.086,0.083,0.089,0.084,0.085,0.085,,,,,,,,,,,,,,,
,,0:28:00,25.7,0.039,0.039,0.039,0.508,0.514,0.509,0.083,0.087,0.084,0.085,0.091,0.085,0.084,0.086,0.083,0.086,0.08,0.086,0.086,0.085,0.086,0.088,0.095,0.09,0.086,0.097,0.094,0.108,0.099,0.106,0.13,0.128,0.105,0.085,0.115,0.088,0.093,0.097,0.128,0.092,0.09,0.123,0.096,0.107,0.082,0.08,0.085,0.084,0.085,0.096,0.089,0.095,0.084,0.085,0.086,0.085,0.09,0.084,0.084,0.087,0.105,0.085,0.084,0.082,0.084,0.076,0.086,0.086,0.085,0.13,0.081,0.083,0.085,0.083,0.087,0.086,0.083,0.088,0.084,0.084,0.084,,,,,,,,,,,,,,,
,,0:29:00,25.7,0.039,0.039,0.039,0.509,0.514,0.51,0.082,0.086,0.083,0.085,0.091,0.084,0.083,0.085,0.083,0.085,0.08,0.085,0.085,0.084,0.086,0.087,0.093,0.089,0.085,0.096,0.093,0.108,0.098,0.105,0.13,0.128,0.104,0.084,0.114,0.087,0.092,0.097,0.127,0.091,0.089,0.123,0.095,0.105,0.081,0.079,0.085,0.083,0.084,0.094,0.088,0.094,0.084,0.084,0.086,0.085,0.09,0.084,0.083,0.086,0.105,0.084,0.084,0.082,0.083,0.075,0.085,0.085,0.084,0.129,0.081,0.083,0.085,0.083,0.086,0.086,0.083,0.088,0.083,0.084,0.084,,,,,,,,,,,,,,,
,,0:30:00,25.7,0.038,0.039,0.039,0.508,0.514,0.51,0.082,0.086,0.083,0.084,0.091,0.084,0.083,0.085,0.083,0.085,0.079,0.084,0.085,0.084,0.085,0.086,0.092,0.088,0.085,0.095,0.092,0.107,0.096,0.104,0.129,0.127,0.103,0.084,0.113,0.086,0.091,0.096,0.127,0.09,0.088,0.122,0.095,0.105,0.08,0.079,0.085,0.083,0.083,0.094,0.087,0.093,0.084,0.084,0.085,0.084,0.09,0.083,0.083,0.086,0.104,0.084,0.083,0.081,0.083,0.075,0.085,0.085,0.083,0.129,0.081,0.082,0.084,0.082,0.086,0.086,0.082,0.087,0.083,0.083,0.083,,,,,,,,,,,,,,,
,,0:31:00,25.7,0.039,0.039,0.04,0.508,0.514,0.51,0.082,0.086,0.082,0.084,0.09,0.084,0.083,0.085,0.082,0.085,0.079,0.084,0.084,0.083,0.085,0.086,0.093,0.087,0.084,0.094,0.091,0.107,0.096,0.103,0.129,0.127,0.103,0.083,0.112,0.086,0.09,0.095,0.126,0.089,0.087,0.121,0.094,0.104,0.08,0.078,0.084,0.082,0.082,0.093,0.086,0.093,0.084,0.084,0.085,0.084,0.09,0.083,0.082,0.086,0.103,0.084,0.083,0.081,0.082,0.075,0.084,0.084,0.083,0.128,0.08,0.082,0.084,0.082,0.086,0.086,0.082,0.087,0.083,0.083,0.083,,,,,,,,,,,,,,,
,,0:32:00,25.7,0.038,0.039,0.039,0.509,0.514,0.51,0.081,0.085,0.082,0.083,0.09,0.083,0.082,0.084,0.082,0.084,0.079,0.084,0.084,0.083,0.084,0.085,0.094,0.086,0.084,0.093,0.09,0.106,0.095,0.102,0.128,0.126,0.102,0.083,0.111,0.085,0.09,0.095,0.125,0.088,0.087,0.121,0.093,0.103,0.079,0.078,0.084,0.082,0.082,0.092,0.085,0.092,0.083,0.083,0.084,0.084,0.09,0.082,0.082,0.085,0.102,0.083,0.082,0.08,0.082,0.074,0.084,0.084,0.083,0.128,0.08,0.082,0.083,0.082,0.085,0.085,0.081,0.086,0.083,0.083,0.083,,,,,,,,,,,,,,,
,,0:33:00,25.7,0.039,0.039,0.039,0.509,0.515,0.511,0.081,0.085,0.082,0.083,0.09,0.083,0.082,0.084,0.082,0.084,0.079,0.083,0.084,0.083,0.084,0.084,0.093,0.085,0.084,0.092,0.089,0.106,0.094,0.102,0.128,0.126,0.102,0.083,0.11,0.084,0.089,0.094,0.124,0.088,0.086,0.121,0.093,0.102,0.079,0.078,0.084,0.082,0.081,0.091,0.085,0.091,0.083,0.083,0.084,0.084,0.09,0.082,0.082,0.085,0.104,0.083,0.082,0.08,0.082,0.074,0.084,0.083,0.083,0.128,0.08,0.082,0.083,0.082,0.085,0.085,0.081,0.086,0.082,0.083,0.082,,,,,,,,,,,,,,,
,,0:34:00,25.7,0.039,0.039,0.039,0.508,0.516,0.51,0.081,0.085,0.081,0.083,0.089,0.083,0.082,0.084,0.081,0.084,0.078,0.083,0.083,0.082,0.084,0.084,0.092,0.085,0.083,0.091,0.088,0.105,0.094,0.101,0.128,0.126,0.101,0.082,0.11,0.084,0.088,0.094,0.124,0.087,0.086,0.12,0.092,0.102,0.078,0.078,0.083,0.081,0.081,0.09,0.085,0.091,0.083,0.083,0.084,0.083,0.089,0.082,0.081,0.085,0.105,0.083,0.082,0.08,0.081,0.074,0.083,0.083,0.082,0.127,0.079,0.081,0.082,0.081,0.085,0.085,0.081,0.086,0.082,0.082,0.082,,,,,,,,,,,,,,,
,,0:35:00,25.7,0.039,0.039,0.039,0.509,0.514,0.511,0.081,0.085,0.081,0.083,0.089,0.082,0.082,0.084,0.081,0.083,0.078,0.083,0.083,0.082,0.084,0.084,0.091,0.084,0.083,0.09,0.087,0.104,0.093,0.101,0.127,0.125,0.1,0.082,0.108,0.084,0.088,0.094,0.123,0.086,0.085,0.12,0.092,0.101,0.077,0.077,0.083,0.081,0.081,0.09,0.084,0.09,0.083,0.083,0.084,0.083,0.089,0.082,0.081,0.084,0.107,0.082,0.082,0.08,0.081,0.073,0.083,0.083,0.082,0.127,0.079,0.081,0.082,0.081,0.085,0.085,0.081,0.085,0.082,0.082,0.082,,,,,,,,,,,,,,,
,,0:36:00,25.7,0.038,0.039,0.039,0.51,0.515,0.511,0.08,0.084,0.081,0.082,0.089,0.082,0.081,0.083,0.081,0.083,0.078,0.082,0.083,0.082,0.083,0.083,0.09,0.083,0.083,0.089,0.086,0.104,0.092,0.1,0.127,0.125,0.1,0.082,0.108,0.083,0.088,0.094,0.123,0.086,0.085,0.119,0.091,0.101,0.077,0.077,0.083,0.081,0.081,0.089,0.084,0.09,0.083,0.082,0.083,0.083,0.089,0.081,0.081,0.084,0.108,0.082,0.081,0.08,0.081,0.073,0.083,0.082,0.082,0.127,0.079,0.081,0.082,0.081,0.084,0.082,0.08,0.085,0.082,0.082,0.081,,,,,,,,,,,,,,,
,,0:37:00,25.7,0.039,0.039,0.039,0.51,0.516,0.511,0.08,0.084,0.08,0.082,0.089,0.082,0.081,0.083,0.081,0.083,0.078,0.082,0.083,0.082,0.083,0.083,0.089,0.083,0.083,0.089,0.086,0.103,0.092,0.102,0.126,0.125,0.099,0.081,0.107,0.083,0.087,0.093,0.122,0.085,0.084,0.118,0.091,0.1,0.077,0.077,0.083,0.081,0.082,0.089,0.084,0.089,0.083,0.082,0.083,0.082,0.089,0.081,0.081,0.084,0.108,0.082,0.081,0.08,0.081,0.073,0.083,0.082,0.082,0.127,0.079,0.081,0.081,0.081,0.084,0.082,0.08,0.085,0.082,0.082,0.081,,,,,,,,,,,,,,,
,,0:38:00,25.7,0.039,0.039,0.039,0.51,0.516,0.512,0.08,0.084,0.08,0.082,0.088,0.081,0.081,0.083,0.081,0.083,0.077,0.082,0.082,0.081,0.083,0.083,0.089,0.083,0.082,0.088,0.085,0.102,0.091,0.103,0.125,0.125,0.099,0.081,0.106,0.082,0.088,0.094,0.122,0.085,0.084,0.119,0.09,0.1,0.076,0.076,0.082,0.081,0.079,0.088,0.083,0.089,0.082,0.082,0.083,0.082,0.088,0.081,0.08,0.084,0.108,0.082,0.081,0.08,0.081,0.073,0.082,0.082,0.081,0.128,0.078,0.081,0.081,0.08,0.084,0.083,0.08,0.084,0.082,0.082,0.081,,,,,,,,,,,,,,,
,,0:39:00,25.7,0.039,0.039,0.039,0.51,0.516,0.512,0.08,0.084,0.08,0.082,0.088,0.081,0.081,0.083,0.08,0.083,0.077,0.082,0.082,0.081,0.083,0.083,0.088,0.082,0.082,0.088,0.084,0.102,0.091,0.103,0.125,0.125,0.098,0.081,0.105,0.082,0.087,0.094,0.121,0.084,0.084,0.118,0.09,0.099,0.076,0.077,0.082,0.08,0.079,0.089,0.083,0.089,0.082,0.081,0.082,0.082,0.088,0.081,0.08,0.084,0.108,0.082,0.081,0.081,0.08,0.073,0.082,0.082,0.081,0.128,0.078,0.08,0.081,0.08,0.083,0.088,0.08,0.084,0.082,0.081,0.081,,,,,,,,,,,,,,,
,,0:40:00,25.7,0.038,0.039,0.039,0.51,0.516,0.513,0.08,0.083,0.08,0.081,0.088,0.081,0.08,0.083,0.08,0.082,0.077,0.081,0.082,0.081,0.083,0.082,0.088,0.082,0.082,0.087,0.084,0.101,0.09,0.103,0.124,0.125,0.097,0.081,0.105,0.082,0.087,0.094,0.12,0.084,0.083,0.118,0.09,0.098,0.076,0.076,0.082,0.08,0.081,0.089,0.083,0.088,0.082,0.081,0.082,0.082,0.088,0.081,0.08,0.083,0.108,0.082,0.081,0.08,0.08,0.073,0.082,0.082,0.081,0.128,0.078,0.08,0.081,0.08,0.083,0.084,0.08,0.084,0.082,0.081,0.081,,,,,,,,,,,,,,,
,,,,,,,,,,,,,,,,,,,,,,,,,,,,,,,,,,,,,,,,,,,,,,,,,,,,,,,,,,,,,,,,,,,,,,,,,,,,,,,,,,,,,,,,,,,,,,,,,,,
,Results,,,,,,,,,,,,,,,,,,,,,,,,,,,,,,,,,,,,,,,,,,,,,,,,,,,,,,,,,,,,,,,,,,,,,,,,,,,,,,,,,,,,,,,,,,,,,,,,,,
,,,Well,A1,A2,A3,A4,A5,A6,A7,A8,A9,A10,A11,A12,B1,B2,B3,B4,B5,B6,B7,B8,B9,B10,B11,B12,C1,C2,C3,C4,C5,C6,C7,C8,C9,C10,C11,C12,D1,D2,D3,D4,D5,D6,D7,D8,D9,D10,D11,D12,E1,E2,E3,E4,E5,E6,E7,E8,E9,E10,E11,E12,F1,F2,F3,F4,F5,F6,F7,F8,F9,F10,F11,F12,G1,G2,G3,G4,G5,G6,G7,G8,G9,,,,,,,,,,,,,,,
,,,Max V [450],0.2,-0.1,-0.2,-15.7,14.9,10.1,-63,-46.5,-48.7,-40.4,-34.6,-46.9,-53.9,-48.1,-49.6,-60.5,-63.1,-74.4,-82.1,-103.4,-42.9,-71.9,-34.9,-44.1,-69.2,-64.8,-56.2,-77.7,-45.6,-60.8,-94.3,-63.3,-38.6,-54.2,-134.6,-40.5,-32.5,-43.3,-40.8,-56.1,-99.8,-60.7,-48.3,-74.1,-44.1,-67.6,-66.1,-51.6,-65.8,-41.1,-89.7,-57.8,-56.3,-48.4,-47.2,-46.7,-45.7,-48.2,-43.3,-44,-58.1,-133.9,-95.6,-58.8,-41.3,-46.3,-66.3,-47.3,-92.6,-42.8,-65.5,-44.6,-48.6,-58.1,-60.7,-56.6,-56.7,-93.5,-71,-81.6,-61.5,,,,,,,,,,,,,,,
,,,R-Squared [450],1,1,1,1,1,1,1,1,1,1,1,1,1,1,1,1,1,1,1,1,1,1,1,1,1,1,1,1,1,1,1,1,1,1,1,1,1,1,1,1,1,1,1,1,1,1,1,1,1,1,1,1,1,1,1,1,1,1,1,1,1,1,1,1,1,1,1,1,1,1,1,1,1,1,1,1,1,1,1,1,1,,,,,,,,,,,,,,,
,,,t at Max V [450],0:08:30,0:02:30,0:31:30,0:01:30,0:00:30,0:01:30,0:00:30,0:00:30,0:01:30,0:01:30,0:01:30,0:01:30,0:01:30,0:00:30,0:00:30,0:01:30,0:00:30,0:00:30,0:00:30,0:00:30,0:01:30,0:00:30,0:00:30,0:00:30,0:00:30,0:00:30,0:00:30,0:00:30,0:01:30,0:00:30,0:00:30,0:00:30,0:02:30,0:01:30,0:00:30,0:01:30,0:01:30,0:01:30,0:01:30,0:01:30,0:00:30,0:00:30,0:00:30,0:00:30,0:01:30,0:00:30,0:00:30,0:01:30,0:00:30,0:01:30,0:00:30,0:01:30,0:00:30,0:00:30,0:01:30,0:01:30,0:00:30,0:00:30,0:01:30,0:01:30,0:01:30,0:00:30,0:00:30,0:00:30,0:01:30,0:00:30,0:00:30,0:00:30,0:00:30,0:01:30,0:00:30,0:01:30,0:02:30,0:00:30,0:00:30,0:00:30,0:01:30,0:00:30,0:00:30,0:00:30,0:00:30,,,,,,,,,,,,,,,
,,,Lagtime [450],0:08:30,0:02:00,0:31:00,0:01:39,0:00:00,0:01:21,0:00:00,0:00:00,0:00:06,0:00:19,0:00:04,0:00:28,0:00:22,0:00:00,0:00:00,0:00:33,0:00:00,0:00:00,0:00:00,0:00:00,0:00:31,0:00:00,0:00:00,0:00:00,0:00:00,0:00:00,0:00:00,0:00:00,0:00:25,0:00:00,0:00:00,0:00:00,0:00:45,0:00:38,0:00:00,0:00:13,0:00:05,0:00:02,0:00:26,0:00:27,0:00:00,0:00:00,0:00:00,0:00:00,0:00:01,0:00:00,0:00:00,0:00:16,0:00:00,0:00:29,0:00:00,0:00:13,0:00:00,0:00:00,0:00:03,0:00:10,0:00:00,0:00:00,0:00:18,0:00:03,0:00:13,0:00:00,0:00:00,0:00:00,0:00:12,0:00:00,0:00:00,0:00:00,0:00:00,0:00:26,0:00:00,0:00:02,0:00:17,0:00:00,0:00:00,0:00:00,0:00:08,0:00:00,0:00:00,0:00:00,0:00:00,,,,,,,,,,,,,,,
,,,,,,,,,,,,,,,,,,,,,,,,,,,,,,,,,,,,,,,,,,,,,,,,,,,,,,,,,,,,,,,,,,,,,,,,,,,,,,,,,,,,,,,,,,,,,,,,,,,
,,,,,,,,,,,,,,,,,,,,,,,,,,,,,,,,,,,,,,,,,,,,,,,,,,,,,,,,,,,,,,,,,,,,,,,,,,,,,,,,,,,,,,,,,,,,,,,,,,,
,,,,,,,,,,,,,,,,,,,,,,,,,,,,,,,,,,,,,,,,,,,,,,,,,,,,,,,,,,,,,,,,,,,,,,,,,,,,,,,,,,,,,,,,,,,,,,,,,,,
,,,,,,,,,,,,,,,,,,,,,,,,,,,,,,,,,,,,,,,,,,,,,,,,,,,,,,,,,,,,,,,,,,,,,,,,,,,,,,,,,,,,,,,,,,,,,,,,,,,
,,,,,,,,,,,,,,,,,,,,,,,,,,,,,,,,,,,,,,,,,,,,,,,,,,,,,,,,,,,,,,,,,,,,,,,,,,,,,,,,,,,,,,,,,,,,,,,,,,,
,,,,,,,,,,,,,,,,,,,,,,,,,,,,,,,,,,,,,,,,,,,,,,,,,,,,,,,,,,,,,,,,,,,,,,,,,,,,,,,,,,,,,,,,,,,,,,,,,,,
,,,,,,,,,,,,,,,,,,,,,,,,,,,,,,,,,,,,,,,,,,,,,,,,,,,,,,,,,,,,,,,,,,,,,,,,,,,,,,,,,,,,,,,,,,,,,,,,,,,
,,,,,,,,,,,,,,,,,,,,,,,,,,,,,,,,,,,,,,,,,,,,,,,,,,,,,,,,,,,,,,,,,,,,,,,,,,,,,,,,,,,,,,,,,,,,,,,,,,,
,,,,,,,,,,,,,,,,,,,,,,,,,,,,,,,,,,,,,,,,,,,,,,,,,,,,,,,,,,,,,,,,,,,,,,,,,,,,,,,,,,,,,,,,,,,,,,,,,,,
,,,,,,,,,,,,,,,,,,,,,,,,,,,,,,,,,,,,,,,,,,,,,,,,,,,,,,,,,,,,,,,,,,,,,,,,,,,,,,,,,,,,,,,,,,,,,,,,,,,
,,,,,,,,,,,,,,,,,,,,,,,,,,,,,,,,,,,,,,,,,,,,,,,,,,,,,,,,,,,,,,,,,,,,,,,,,,,,,,,,,,,,,,,,,,,,,,,,,,,
,,,,,,,,,,,,,,,,,,,,,,,,,,,,,,,,,,,,,,,,,,,,,,,,,,,,,,,,,,,,,,,,,,,,,,,,,,,,,,,,,,,,,,,,,,,,,,,,,,,
,,,,,,,,,,,,,,,,,,,,,,,,,,,,,,,,,,,,,,,,,,,,,,,,,,,,,,,,,,,,,,,,,,,,,,,,,,,,,,,,,,,,,,,,,,,,,,,,,,,
,,,,,,,,,,,,,,,,,,,,,,,,,,,,,,,,,,,,,,,,,,,,,,,,,,,,,,,,,,,,,,,,,,,,,,,,,,,,,,,,,,,,,,,,,,,,,,,,,,,
,,,,,,,,,,,,,,,,,,,,,,,,,,,,,,,,,,,,,,,,,,,,,,,,,,,,,,,,,,,,,,,,,,,,,,,,,,,,,,,,,,,,,,,,,,,,,,,,,,,
,,,,,,,,,,,,,,,,,,,,,,,,,,,,,,,,,,,,,,,,,,,,,,,,,,,,,,,,,,,,,,,,,,,,,,,,,,,,,,,,,,,,,,,,,,,,,,,,,,,
,,,,,,,,,,,,,,,,,,,,,,,,,,,,,,,,,,,,,,,,,,,,,,,,,,,,,,,,,,,,,,,,,,,,,,,,,,,,,,,,,,,,,,,,,,,,,,,,,,,
,,,,,,,,,,,,,,,,,,,,,,,,,,,,,,,,,,,,,,,,,,,,,,,,,,,,,,,,,,,,,,,,,,,,,,,,,,,,,,,,,,,,,,,,,,,,,,,,,,,
,,,,,,,,,,,,,,,,,,,,,,,,,,,,,,,,,,,,,,,,,,,,,,,,,,,,,,,,,,,,,,,,,,,,,,,,,,,,,,,,,,,,,,,,,,,,,,,,,,,
,,,,,,,,,,,,,,,,,,,,,,,,,,,,,,,,,,,,,,,,,,,,,,,,,,,,,,,,,,,,,,,,,,,,,,,,,,,,,,,,,,,,,,,,,,,,,,,,,,,
,,,,,,,,,,,,,,,,,,,,,,,,,,,,,,,,,,,,,,,,,,,,,,,,,,,,,,,,,,,,,,,,,,,,,,,,,,,,,,,,,,,,,,,,,,,,,,,,,,,
,,,,,,,,,,,,,,,,,,,,,,,,,,,,,,,,,,,,,,,,,,,,,,,,,,,,,,,,,,,,,,,,,,,,,,,,,,,,,,,,,,,,,,,,,,,,,,,,,,,
,,,,,,,,,,,,,,,,,,,,,,,,,,,,,,,,,,,,,,,,,,,,,,,,,,,,,,,,,,,,,,,,,,,,,,,,,,,,,,,,,,,,,,,,,,,,,,,,,,,
,,,,,,,,,,,,,,,,,,,,,,,,,,,,,,,,,,,,,,,,,,,,,,,,,,,,,,,,,,,,,,,,,,,,,,,,,,,,,,,,,,,,,,,,,,,,,,,,,,,
,,,,,,,,,,,,,,,,,,,,,,,,,,,,,,,,,,,,,,,,,,,,,,,,,,,,,,,,,,,,,,,,,,,,,,,,,,,,,,,,,,,,,,,,,,,,,,,,,,,
,,,,,,,,,,,,,,,,,,,,,,,,,,,,,,,,,,,,,,,,,,,,,,,,,,,,,,,,,,,,,,,,,,,,,,,,,,,,,,,,,,,,,,,,,,,,,,,,,,,
,,,,,,,,,,,,,,,,,,,,,,,,,,,,,,,,,,,,,,,,,,,,,,,,,,,,,,,,,,,,,,,,,,,,,,,,,,,,,,,,,,,,,,,,,,,,,,,,,,,
,,,,,,,,,,,,,,,,,,,,,,,,,,,,,,,,,,,,,,,,,,,,,,,,,,,,,,,,,,,,,,,,,,,,,,,,,,,,,,,,,,,,,,,,,,,,,,,,,,,
,,,,,,,,,,,,,,,,,,,,,,,,,,,,,,,,,,,,,,,,,,,,,,,,,,,,,,,,,,,,,,,,,,,,,,,,,,,,,,,,,,,,,,,,,,,,,,,,,,,
,,,,,,,,,,,,,,,,,,,,,,,,,,,,,,,,,,,,,,,,,,,,,,,,,,,,,,,,,,,,,,,,,,,,,,,,,,,,,,,,,,,,,,,,,,,,,,,,,,,
,,,,,,,,,,,,,,,,,,,,,,,,,,,,,,,,,,,,,,,,,,,,,,,,,,,,,,,,,,,,,,,,,,,,,,,,,,,,,,,,,,,,,,,,,,,,,,,,,,,
,,,,,,,,,,,,,,,,,,,,,,,,,,,,,,,,,,,,,,,,,,,,,,,,,,,,,,,,,,,,,,,,,,,,,,,,,,,,,,,,,,,,,,,,,,,,,,,,,,,
,,,,,,,,,,,,,,,,,,,,,,,,,,,,,,,,,,,,,,,,,,,,,,,,,,,,,,,,,,,,,,,,,,,,,,,,,,,,,,,,,,,,,,,,,,,,,,,,,,,
,,,,,,,,,,,,,,,,,,,,,,,,,,,,,,,,,,,,,,,,,,,,,,,,,,,,,,,,,,,,,,,,,,,,,,,,,,,,,,,,,,,,,,,,,,,,,,,,,,,
,,,,,,,,,,,,,,,,,,,,,,,,,,,,,,,,,,,,,,,,,,,,,,,,,,,,,,,,,,,,,,,,,,,,,,,,,,,,,,,,,,,,,,,,,,,,,,,,,,,
,,,,,,,,,,,,,,,,,,,,,,,,,,,,,,,,,,,,,,,,,,,,,,,,,,,,,,,,,,,,,,,,,,,,,,,,,,,,,,,,,,,,,,,,,,,,,,,,,,,
,,,,,,,,,,,,,,,,,,,,,,,,,,,,,,,,,,,,,,,,,,,,,,,,,,,,,,,,,,,,,,,,,,,,,,,,,,,,,,,,,,,,,,,,,,,,,,,,,,,
,,,,,,,,,,,,,,,,,,,,,,,,,,,,,,,,,,,,,,,,,,,,,,,,,,,,,,,,,,,,,,,,,,,,,,,,,,,,,,,,,,,,,,,,,,,,,,,,,,,
,,,,,,,,,,,,,,,,,,,,,,,,,,,,,,,,,,,,,,,,,,,,,,,,,,,,,,,,,,,,,,,,,,,,,,,,,,,,,,,,,,,,,,,,,,,,,,,,,,,
,,,,,,,,,,,,,,,,,,,,,,,,,,,,,,,,,,,,,,,,,,,,,,,,,,,,,,,,,,,,,,,,,,,,,,,,,,,,,,,,,,,,,,,,,,,,,,,,,,,
,,,,,,,,,,,,,,,,,,,,,,,,,,,,,,,,,,,,,,,,,,,,,,,,,,,,,,,,,,,,,,,,,,,,,,,,,,,,,,,,,,,,,,,,,,,,,,,,,,,
,,,,,,,,,,,,,,,,,,,,,,,,,,,,,,,,,,,,,,,,,,,,,,,,,,,,,,,,,,,,,,,,,,,,,,,,,,,,,,,,,,,,,,,,,,,,,,,,,,,
,,,,,,,,,,,,,,,,,,,,,,,,,,,,,,,,,,,,,,,,,,,,,,,,,,,,,,,,,,,,,,,,,,,,,,,,,,,,,,,,,,,,,,,,,,,,,,,,,,,
,,,,,,,,,,,,,,,,,,,,,,,,,,,,,,,,,,,,,,,,,,,,,,,,,,,,,,,,,,,,,,,,,,,,,,,,,,,,,,,,,,,,,,,,,,,,,,,,,,,
,,,,,,,,,,,,,,,,,,,,,,,,,,,,,,,,,,,,,,,,,,,,,,,,,,,,,,,,,,,,,,,,,,,,,,,,,,,,,,,,,,,,,,,,,,,,,,,,,,,
,,,,,,,,,,,,,,,,,,,,,,,,,,,,,,,,,,,,,,,,,,,,,,,,,,,,,,,,,,,,,,,,,,,,,,,,,,,,,,,,,,,,,,,,,,,,,,,,,,,
,,,,,,,,,,,,,,,,,,,,,,,,,,,,,,,,,,,,,,,,,,,,,,,,,,,,,,,,,,,,,,,,,,,,,,,,,,,,,,,,,,,,,,,,,,,,,,,,,,,
,,,,,,,,,,,,,,,,,,,,,,,,,,,,,,,,,,,,,,,,,,,,,,,,,,,,,,,,,,,,,,,,,,,,,,,,,,,,,,,,,,,,,,,,,,,,,,,,,,,
,,,,,,,,,,,,,,,,,,,,,,,,,,,,,,,,,,,,,,,,,,,,,,,,,,,,,,,,,,,,,,,,,,,,,,,,,,,,,,,,,,,,,,,,,,,,,,,,,,,
,,,,,,,,,,,,,,,,,,,,,,,,,,,,,,,,,,,,,,,,,,,,,,,,,,,,,,,,,,,,,,,,,,,,,,,,,,,,,,,,,,,,,,,,,,,,,,,,,,,
,,,,,,,,,,,,,,,,,,,,,,,,,,,,,,,,,,,,,,,,,,,,,,,,,,,,,,,,,,,,,,,,,,,,,,,,,,,,,,,,,,,,,,,,,,,,,,,,,,,
,,,,,,,,,,,,,,,,,,,,,,,,,,,,,,,,,,,,,,,,,,,,,,,,,,,,,,,,,,,,,,,,,,,,,,,,,,,,,,,,,,,,,,,,,,,,,,,,,,,
,,,,,,,,,,,,,,,,,,,,,,,,,,,,,,,,,,,,,,,,,,,,,,,,,,,,,,,,,,,,,,,,,,,,,,,,,,,,,,,,,,,,,,,,,,,,,,,,,,,
,,,,,,,,,,,,,,,,,,,,,,,,,,,,,,,,,,,,,,,,,,,,,,,,,,,,,,,,,,,,,,,,,,,,,,,,,,,,,,,,,,,,,,,,,,,,,,,,,,,
,,,,,,,,,,,,,,,,,,,,,,,,,,,,,,,,,,,,,,,,,,,,,,,,,,,,,,,,,,,,,,,,,,,,,,,,,,,,,,,,,,,,,,,,,,,,,,,,,,,
,,,,,,,,,,,,,,,,,,,,,,,,,,,,,,,,,,,,,,,,,,,,,,,,,,,,,,,,,,,,,,,,,,,,,,,,,,,,,,,,,,,,,,,,,,,,,,,,,,,
,,,,,,,,,,,,,,,,,,,,,,,,,,,,,,,,,,,,,,,,,,,,,,,,,,,,,,,,,,,,,,,,,,,,,,,,,,,,,,,,,,,,,,,,,,,,,,,,,,,
,,,,,,,,,,,,,,,,,,,,,,,,,,,,,,,,,,,,,,,,,,,,,,,,,,,,,,,,,,,,,,,,,,,,,,,,,,,,,,,,,,,,,,,,,,,,,,,,,,,
,,,,,,,,,,,,,,,,,,,,,,,,,,,,,,,,,,,,,,,,,,,,,,,,,,,,,,,,,,,,,,,,,,,,,,,,,,,,,,,,,,,,,,,,,,,,,,,,,,,
,,,,,,,,,,,,,,,,,,,,,,,,,,,,,,,,,,,,,,,,,,,,,,,,,,,,,,,,,,,,,,,,,,,,,,,,,,,,,,,,,,,,,,,,,,,,,,,,,,,
,,,,,,,,,,,,,,,,,,,,,,,,,,,,,,,,,,,,,,,,,,,,,,,,,,,,,,,,,,,,,,,,,,,,,,,,,,,,,,,,,,,,,,,,,,,,,,,,,,,
,,,,,,,,,,,,,,,,,,,,,,,,,,,,,,,,,,,,,,,,,,,,,,,,,,,,,,,,,,,,,,,,,,,,,,,,,,,,,,,,,,,,,,,,,,,,,,,,,,,
,,,,,,,,,,,,,,,,,,,,,,,,,,,,,,,,,,,,,,,,,,,,,,,,,,,,,,,,,,,,,,,,,,,,,,,,,,,,,,,,,,,,,,,,,,,,,,,,,,,
,,,,,,,,,,,,,,,,,,,,,,,,,,,,,,,,,,,,,,,,,,,,,,,,,,,,,,,,,,,,,,,,,,,,,,,,,,,,,,,,,,,,,,,,,,,,,,,,,,,
,,,,,,,,,,,,,,,,,,,,,,,,,,,,,,,,,,,,,,,,,,,,,,,,,,,,,,,,,,,,,,,,,,,,,,,,,,,,,,,,,,,,,,,,,,,,,,,,,,,
,,,,,,,,,,,,,,,,,,,,,,,,,,,,,,,,,,,,,,,,,,,,,,,,,,,,,,,,,,,,,,,,,,,,,,,,,,,,,,,,,,,,,,,,,,,,,,,,,,,
,,,,,,,,,,,,,,,,,,,,,,,,,,,,,,,,,,,,,,,,,,,,,,,,,,,,,,,,,,,,,,,,,,,,,,,,,,,,,,,,,,,,,,,,,,,,,,,,,,,
,,,,,,,,,,,,,,,,,,,,,,,,,,,,,,,,,,,,,,,,,,,,,,,,,,,,,,,,,,,,,,,,,,,,,,,,,,,,,,,,,,,,,,,,,,,,,,,,,,,
,,,,,,,,,,,,,,,,,,,,,,,,,,,,,,,,,,,,,,,,,,,,,,,,,,,,,,,,,,,,,,,,,,,,,,,,,,,,,,,,,,,,,,,,,,,,,,,,,,,
,,,,,,,,,,,,,,,,,,,,,,,,,,,,,,,,,,,,,,,,,,,,,,,,,,,,,,,,,,,,,,,,,,,,,,,,,,,,,,,,,,,,,,,,,,,,,,,,,,,
,,,,,,,,,,,,,,,,,,,,,,,,,,,,,,,,,,,,,,,,,,,,,,,,,,,,,,,,,,,,,,,,,,,,,,,,,,,,,,,,,,,,,,,,,,,,,,,,,,,
,,,,,,,,,,,,,,,,,,,,,,,,,,,,,,,,,,,,,,,,,,,,,,,,,,,,,,,,,,,,,,,,,,,,,,,,,,,,,,,,,,,,,,,,,,,,,,,,,,,
,,,,,,,,,,,,,,,,,,,,,,,,,,,,,,,,,,,,,,,,,,,,,,,,,,,,,,,,,,,,,,,,,,,,,,,,,,,,,,,,,,,,,,,,,,,,,,,,,,,
,,,,,,,,,,,,,,,,,,,,,,,,,,,,,,,,,,,,,,,,,,,,,,,,,,,,,,,,,,,,,,,,,,,,,,,,,,,,,,,,,,,,,,,,,,,,,,,,,,,
,,,,,,,,,,,,,,,,,,,,,,,,,,,,,,,,,,,,,,,,,,,,,,,,,,,,,,,,,,,,,,,,,,,,,,,,,,,,,,,,,,,,,,,,,,,,,,,,,,,
,,,,,,,,,,,,,,,,,,,,,,,,,,,,,,,,,,,,,,,,,,,,,,,,,,,,,,,,,,,,,,,,,,,,,,,,,,,,,,,,,,,,,,,,,,,,,,,,,,,
,,,,,,,,,,,,,,,,,,,,,,,,,,,,,,,,,,,,,,,,,,,,,,,,,,,,,,,,,,,,,,,,,,,,,,,,,,,,,,,,,,,,,,,,,,,,,,,,,,,
,,,,,,,,,,,,,,,,,,,,,,,,,,,,,,,,,,,,,,,,,,,,,,,,,,,,,,,,,,,,,,,,,,,,,,,,,,,,,,,,,,,,,,,,,,,,,,,,,,,
,,,,,,,,,,,,,,,,,,,,,,,,,,,,,,,,,,,,,,,,,,,,,,,,,,,,,,,,,,,,,,,,,,,,,,,,,,,,,,,,,,,,,,,,,,,,,,,,,,,
,,,,,,,,,,,,,,,,,,,,,,,,,,,,,,,,,,,,,,,,,,,,,,,,,,,,,,,,,,,,,,,,,,,,,,,,,,,,,,,,,,,,,,,,,,,,,,,,,,,
,,,,,,,,,,,,,,,,,,,,,,,,,,,,,,,,,,,,,,,,,,,,,,,,,,,,,,,,,,,,,,,,,,,,,,,,,,,,,,,,,,,,,,,,,,,,,,,,,,,
,,,,,,,,,,,,,,,,,,,,,,,,,,,,,,,,,,,,,,,,,,,,,,,,,,,,,,,,,,,,,,,,,,,,,,,,,,,,,,,,,,,,,,,,,,,,,,,,,,,
,,,,,,,,,,,,,,,,,,,,,,,,,,,,,,,,,,,,,,,,,,,,,,,,,,,,,,,,,,,,,,,,,,,,,,,,,,,,,,,,,,,,,,,,,,,,,,,,,,,
,,,,,,,,,,,,,,,,,,,,,,,,,,,,,,,,,,,,,,,,,,,,,,,,,,,,,,,,,,,,,,,,,,,,,,,,,,,,,,,,,,,,,,,,,,,,,,,,,,,
,,,,,,,,,,,,,,,,,,,,,,,,,,,,,,,,,,,,,,,,,,,,,,,,,,,,,,,,,,,,,,,,,,,,,,,,,,,,,,,,,,,,,,,,,,,,,,,,,,,
,,,,,,,,,,,,,,,,,,,,,,,,,,,,,,,,,,,,,,,,,,,,,,,,,,,,,,,,,,,,,,,,,,,,,,,,,,,,,,,,,,,,,,,,,,,,,,,,,,,
,,,,,,,,,,,,,,,,,,,,,,,,,,,,,,,,,,,,,,,,,,,,,,,,,,,,,,,,,,,,,,,,,,,,,,,,,,,,,,,,,,,,,,,,,,,,,,,,,,,
,,,,,,,,,,,,,,,,,,,,,,,,,,,,,,,,,,,,,,,,,,,,,,,,,,,,,,,,,,,,,,,,,,,,,,,,,,,,,,,,,,,,,,,,,,,,,,,,,,,
,,,,,,,,,,,,,,,,,,,,,,,,,,,,,,,,,,,,,,,,,,,,,,,,,,,,,,,,,,,,,,,,,,,,,,,,,,,,,,,,,,,,,,,,,,,,,,,,,,,
,,,,,,,,,,,,,,,,,,,,,,,,,,,,,,,,,,,,,,,,,,,,,,,,,,,,,,,,,,,,,,,,,,,,,,,,,,,,,,,,,,,,,,,,,,,,,,,,,,,
,,,,,,,,,,,,,,,,,,,,,,,,,,,,,,,,,,,,,,,,,,,,,,,,,,,,,,,,,,,,,,,,,,,,,,,,,,,,,,,,,,,,,,,,,,,,,,,,,,,
,,,,,,,,,,,,,,,,,,,,,,,,,,,,,,,,,,,,,,,,,,,,,,,,,,,,,,,,,,,,,,,,,,,,,,,,,,,,,,,,,,,,,,,,,,,,,,,,,,,
,,,,,,,,,,,,,,,,,,,,,,,,,,,,,,,,,,,,,,,,,,,,,,,,,,,,,,,,,,,,,,,,,,,,,,,,,,,,,,,,,,,,,,,,,,,,,,,,,,,
,,,,,,,,,,,,,,,,,,,,,,,,,,,,,,,,,,,,,,,,,,,,,,,,,,,,,,,,,,,,,,,,,,,,,,,,,,,,,,,,,,,,,,,,,,,,,,,,,,,
,,,,,,,,,,,,,,,,,,,,,,,,,,,,,,,,,,,,,,,,,,,,,,,,,,,,,,,,,,,,,,,,,,,,,,,,,,,,,,,,,,,,,,,,,,,,,,,,,,,
,,,,,,,,,,,,,,,,,,,,,,,,,,,,,,,,,,,,,,,,,,,,,,,,,,,,,,,,,,,,,,,,,,,,,,,,,,,,,,,,,,,,,,,,,,,,,,,,,,,
,,,,,,,,,,,,,,,,,,,,,,,,,,,,,,,,,,,,,,,,,,,,,,,,,,,,,,,,,,,,,,,,,,,,,,,,,,,,,,,,,,,,,,,,,,,,,,,,,,,
,,,,,,,,,,,,,,,,,,,,,,,,,,,,,,,,,,,,,,,,,,,,,,,,,,,,,,,,,,,,,,,,,,,,,,,,,,,,,,,,,,,,,,,,,,,,,,,,,,,
,,,,,,,,,,,,,,,,,,,,,,,,,,,,,,,,,,,,,,,,,,,,,,,,,,,,,,,,,,,,,,,,,,,,,,,,,,,,,,,,,,,,,,,,,,,,,,,,,,,
,,,,,,,,,,,,,,,,,,,,,,,,,,,,,,,,,,,,,,,,,,,,,,,,,,,,,,,,,,,,,,,,,,,,,,,,,,,,,,,,,,,,,,,,,,,,,,,,,,,
,,,,,,,,,,,,,,,,,,,,,,,,,,,,,,,,,,,,,,,,,,,,,,,,,,,,,,,,,,,,,,,,,,,,,,,,,,,,,,,,,,,,,,,,,,,,,,,,,,,
,,,,,,,,,,,,,,,,,,,,,,,,,,,,,,,,,,,,,,,,,,,,,,,,,,,,,,,,,,,,,,,,,,,,,,,,,,,,,,,,,,,,,,,,,,,,,,,,,,,
,,,,,,,,,,,,,,,,,,,,,,,,,,,,,,,,,,,,,,,,,,,,,,,,,,,,,,,,,,,,,,,,,,,,,,,,,,,,,,,,,,,,,,,,,,,,,,,,,,,
,,,,,,,,,,,,,,,,,,,,,,,,,,,,,,,,,,,,,,,,,,,,,,,,,,,,,,,,,,,,,,,,,,,,,,,,,,,,,,,,,,,,,,,,,,,,,,,,,,,
,,,,,,,,,,,,,,,,,,,,,,,,,,,,,,,,,,,,,,,,,,,,,,,,,,,,,,,,,,,,,,,,,,,,,,,,,,,,,,,,,,,,,,,,,,,,,,,,,,,
,,,,,,,,,,,,,,,,,,,,,,,,,,,,,,,,,,,,,,,,,,,,,,,,,,,,,,,,,,,,,,,,,,,,,,,,,,,,,,,,,,,,,,,,,,,,,,,,,,,
,,,,,,,,,,,,,,,,,,,,,,,,,,,,,,,,,,,,,,,,,,,,,,,,,,,,,,,,,,,,,,,,,,,,,,,,,,,,,,,,,,,,,,,,,,,,,,,,,,,
,,,,,,,,,,,,,,,,,,,,,,,,,,,,,,,,,,,,,,,,,,,,,,,,,,,,,,,,,,,,,,,,,,,,,,,,,,,,,,,,,,,,,,,,,,,,,,,,,,,
,,,,,,,,,,,,,,,,,,,,,,,,,,,,,,,,,,,,,,,,,,,,,,,,,,,,,,,,,,,,,,,,,,,,,,,,,,,,,,,,,,,,,,,,,,,,,,,,,,,
,,,,,,,,,,,,,,,,,,,,,,,,,,,,,,,,,,,,,,,,,,,,,,,,,,,,,,,,,,,,,,,,,,,,,,,,,,,,,,,,,,,,,,,,,,,,,,,,,,,
,,,,,,,,,,,,,,,,,,,,,,,,,,,,,,,,,,,,,,,,,,,,,,,,,,,,,,,,,,,,,,,,,,,,,,,,,,,,,,,,,,,,,,,,,,,,,,,,,,,
,,,,,,,,,,,,,,,,,,,,,,,,,,,,,,,,,,,,,,,,,,,,,,,,,,,,,,,,,,,,,,,,,,,,,,,,,,,,,,,,,,,,,,,,,,,,,,,,,,,
,,,,,,,,,,,,,,,,,,,,,,,,,,,,,,,,,,,,,,,,,,,,,,,,,,,,,,,,,,,,,,,,,,,,,,,,,,,,,,,,,,,,,,,,,,,,,,,,,,,
,,,,,,,,,,,,,,,,,,,,,,,,,,,,,,,,,,,,,,,,,,,,,,,,,,,,,,,,,,,,,,,,,,,,,,,,,,,,,,,,,,,,,,,,,,,,,,,,,,,
,,,,,,,,,,,,,,,,,,,,,,,,,,,,,,,,,,,,,,,,,,,,,,,,,,,,,,,,,,,,,,,,,,,,,,,,,,,,,,,,,,,,,,,,,,,,,,,,,,,
,,,,,,,,,,,,,,,,,,,,,,,,,,,,,,,,,,,,,,,,,,,,,,,,,,,,,,,,,,,,,,,,,,,,,,,,,,,,,,,,,,,,,,,,,,,,,,,,,,,
,,,,,,,,,,,,,,,,,,,,,,,,,,,,,,,,,,,,,,,,,,,,,,,,,,,,,,,,,,,,,,,,,,,,,,,,,,,,,,,,,,,,,,,,,,,,,,,,,,,
,,,,,,,,,,,,,,,,,,,,,,,,,,,,,,,,,,,,,,,,,,,,,,,,,,,,,,,,,,,,,,,,,,,,,,,,,,,,,,,,,,,,,,,,,,,,,,,,,,,
,,,,,,,,,,,,,,,,,,,,,,,,,,,,,,,,,,,,,,,,,,,,,,,,,,,,,,,,,,,,,,,,,,,,,,,,,,,,,,,,,,,,,,,,,,,,,,,,,,,
,,,,,,,,,,,,,,,,,,,,,,,,,,,,,,,,,,,,,,,,,,,,,,,,,,,,,,,,,,,,,,,,,,,,,,,,,,,,,,,,,,,,,,,,,,,,,,,,,,,
,,,,,,,,,,,,,,,,,,,,,,,,,,,,,,,,,,,,,,,,,,,,,,,,,,,,,,,,,,,,,,,,,,,,,,,,,,,,,,,,,,,,,,,,,,,,,,,,,,,
,,,,,,,,,,,,,,,,,,,,,,,,,,,,,,,,,,,,,,,,,,,,,,,,,,,,,,,,,,,,,,,,,,,,,,,,,,,,,,,,,,,,,,,,,,,,,,,,,,,
,,,,,,,,,,,,,,,,,,,,,,,,,,,,,,,,,,,,,,,,,,,,,,,,,,,,,,,,,,,,,,,,,,,,,,,,,,,,,,,,,,,,,,,,,,,,,,,,,,,
,,,,,,,,,,,,,,,,,,,,,,,,,,,,,,,,,,,,,,,,,,,,,,,,,,,,,,,,,,,,,,,,,,,,,,,,,,,,,,,,,,,,,,,,,,,,,,,,,,,
,,,,,,,,,,,,,,,,,,,,,,,,,,,,,,,,,,,,,,,,,,,,,,,,,,,,,,,,,,,,,,,,,,,,,,,,,,,,,,,,,,,,,,,,,,,,,,,,,,,
,,,,,,,,,,,,,,,,,,,,,,,,,,,,,,,,,,,,,,,,,,,,,,,,,,,,,,,,,,,,,,,,,,,,,,,,,,,,,,,,,,,,,,,,,,,,,,,,,,,
,,,,,,,,,,,,,,,,,,,,,,,,,,,,,,,,,,,,,,,,,,,,,,,,,,,,,,,,,,,,,,,,,,,,,,,,,,,,,,,,,,,,,,,,,,,,,,,,,,,
,,,,,,,,,,,,,,,,,,,,,,,,,,,,,,,,,,,,,,,,,,,,,,,,,,,,,,,,,,,,,,,,,,,,,,,,,,,,,,,,,,,,,,,,,,,,,,,,,,,
,,,,,,,,,,,,,,,,,,,,,,,,,,,,,,,,,,,,,,,,,,,,,,,,,,,,,,,,,,,,,,,,,,,,,,,,,,,,,,,,,,,,,,,,,,,,,,,,,,,
,,,,,,,,,,,,,,,,,,,,,,,,,,,,,,,,,,,,,,,,,,,,,,,,,,,,,,,,,,,,,,,,,,,,,,,,,,,,,,,,,,,,,,,,,,,,,,,,,,,
,,,,,,,,,,,,,,,,,,,,,,,,,,,,,,,,,,,,,,,,,,,,,,,,,,,,,,,,,,,,,,,,,,,,,,,,,,,,,,,,,,,,,,,,,,,,,,,,,,,
,,,,,,,,,,,,,,,,,,,,,,,,,,,,,,,,,,,,,,,,,,,,,,,,,,,,,,,,,,,,,,,,,,,,,,,,,,,,,,,,,,,,,,,,,,,,,,,,,,,
,,,,,,,,,,,,,,,,,,,,,,,,,,,,,,,,,,,,,,,,,,,,,,,,,,,,,,,,,,,,,,,,,,,,,,,,,,,,,,,,,,,,,,,,,,,,,,,,,,,
,,,,,,,,,,,,,,,,,,,,,,,,,,,,,,,,,,,,,,,,,,,,,,,,,,,,,,,,,,,,,,,,,,,,,,,,,,,,,,,,,,,,,,,,,,,,,,,,,,,
,,,,,,,,,,,,,,,,,,,,,,,,,,,,,,,,,,,,,,,,,,,,,,,,,,,,,,,,,,,,,,,,,,,,,,,,,,,,,,,,,,,,,,,,,,,,,,,,,,,
,,,,,,,,,,,,,,,,,,,,,,,,,,,,,,,,,,,,,,,,,,,,,,,,,,,,,,,,,,,,,,,,,,,,,,,,,,,,,,,,,,,,,,,,,,,,,,,,,,,
,,,,,,,,,,,,,,,,,,,,,,,,,,,,,,,,,,,,,,,,,,,,,,,,,,,,,,,,,,,,,,,,,,,,,,,,,,,,,,,,,,,,,,,,,,,,,,,,,,,
,,,,,,,,,,,,,,,,,,,,,,,,,,,,,,,,,,,,,,,,,,,,,,,,,,,,,,,,,,,,,,,,,,,,,,,,,,,,,,,,,,,,,,,,,,,,,,,,,,,
,,,,,,,,,,,,,,,,,,,,,,,,,,,,,,,,,,,,,,,,,,,,,,,,,,,,,,,,,,,,,,,,,,,,,,,,,,,,,,,,,,,,,,,,,,,,,,,,,,,
,,,,,,,,,,,,,,,,,,,,,,,,,,,,,,,,,,,,,,,,,,,,,,,,,,,,,,,,,,,,,,,,,,,,,,,,,,,,,,,,,,,,,,,,,,,,,,,,,,,
,,,,,,,,,,,,,,,,,,,,,,,,,,,,,,,,,,,,,,,,,,,,,,,,,,,,,,,,,,,,,,,,,,,,,,,,,,,,,,,,,,,,,,,,,,,,,,,,,,,
,,,,,,,,,,,,,,,,,,,,,,,,,,,,,,,,,,,,,,,,,,,,,,,,,,,,,,,,,,,,,,,,,,,,,,,,,,,,,,,,,,,,,,,,,,,,,,,,,,,
,,,,,,,,,,,,,,,,,,,,,,,,,,,,,,,,,,,,,,,,,,,,,,,,,,,,,,,,,,,,,,,,,,,,,,,,,,,,,,,,,,,,,,,,,,,,,,,,,,,
,,,,,,,,,,,,,,,,,,,,,,,,,,,,,,,,,,,,,,,,,,,,,,,,,,,,,,,,,,,,,,,,,,,,,,,,,,,,,,,,,,,,,,,,,,,,,,,,,,,
,,,,,,,,,,,,,,,,,,,,,,,,,,,,,,,,,,,,,,,,,,,,,,,,,,,,,,,,,,,,,,,,,,,,,,,,,,,,,,,,,,,,,,,,,,,,,,,,,,,
,,,,,,,,,,,,,,,,,,,,,,,,,,,,,,,,,,,,,,,,,,,,,,,,,,,,,,,,,,,,,,,,,,,,,,,,,,,,,,,,,,,,,,,,,,,,,,,,,,,
,,,,,,,,,,,,,,,,,,,,,,,,,,,,,,,,,,,,,,,,,,,,,,,,,,,,,,,,,,,,,,,,,,,,,,,,,,,,,,,,,,,,,,,,,,,,,,,,,,,
,,,,,,,,,,,,,,,,,,,,,,,,,,,,,,,,,,,,,,,,,,,,,,,,,,,,,,,,,,,,,,,,,,,,,,,,,,,,,,,,,,,,,,,,,,,,,,,,,,,
,,,,,,,,,,,,,,,,,,,,,,,,,,,,,,,,,,,,,,,,,,,,,,,,,,,,,,,,,,,,,,,,,,,,,,,,,,,,,,,,,,,,,,,,,,,,,,,,,,,
Results,,,,,,,,,,,,,,,,,,,,,,,,,,,,,,,,,,,,,,,,,,,,,,,,,,,,,,,,,,,,,,,,,,,,,,,,,,,,,,,,,,,,,,,,,,,,,,,,,,,
,,,,,,,,,,,,,,,,,,,,,,,,,,,,,,,,,,,,,,,,,,,,,,,,,,,,,,,,,,,,,,,,,,,,,,,,,,,,,,,,,,,,,,,,,,,,,,,,,,,
,Well,Max V [450],R-Squared [450],t at Max V [450],Lagtime [450],,,,,,,,,,,,,,,,,,,,,,,,,,,,,,,,,,,,,,,,,,,,,,,,,,,,,,,,,,,,,,,,,,,,,,,,,,,,,,,,,,,,,,,,,,,,,,
,A1,0.2,1,0:08:30,0:08:30,,,,,,,,,,,,,,,,,,,,,,,,,,,,,,,,,,,,,,,,,,,,,,,,,,,,,,,,,,,,,,,,,,,,,,,,,,,,,,,,,,,,,,,,,,,,,,
,A2,-0.1,1,0:02:30,0:02:00,,,,,,,,,,,,,,,,,,,,,,,,,,,,,,,,,,,,,,,,,,,,,,,,,,,,,,,,,,,,,,,,,,,,,,,,,,,,,,,,,,,,,,,,,,,,,,
,A3,-0.2,1,0:31:30,0:31:00,,,,,,,,,,,,,,,,,,,,,,,,,,,,,,,,,,,,,,,,,,,,,,,,,,,,,,,,,,,,,,,,,,,,,,,,,,,,,,,,,,,,,,,,,,,,,,
,A4,-15.7,1,0:01:30,0:01:39,,,,,,,,,,,,,,,,,,,,,,,,,,,,,,,,,,,,,,,,,,,,,,,,,,,,,,,,,,,,,,,,,,,,,,,,,,,,,,,,,,,,,,,,,,,,,,
,A5,14.9,1,0:00:30,0:00:00,,,,,,,,,,,,,,,,,,,,,,,,,,,,,,,,,,,,,,,,,,,,,,,,,,,,,,,,,,,,,,,,,,,,,,,,,,,,,,,,,,,,,,,,,,,,,,
,A6,10.1,1,0:01:30,0:01:21,,,,,,,,,,,,,,,,,,,,,,,,,,,,,,,,,,,,,,,,,,,,,,,,,,,,,,,,,,,,,,,,,,,,,,,,,,,,,,,,,,,,,,,,,,,,,,
,A7,-63,1,0:00:30,0:00:00,,,,,,,,,,,,,,,,,,,,,,,,,,,,,,,,,,,,,,,,,,,,,,,,,,,,,,,,,,,,,,,,,,,,,,,,,,,,,,,,,,,,,,,,,,,,,,
,A8,-46.5,1,0:00:30,0:00:00,,,,,,,,,,,,,,,,,,,,,,,,,,,,,,,,,,,,,,,,,,,,,,,,,,,,,,,,,,,,,,,,,,,,,,,,,,,,,,,,,,,,,,,,,,,,,,
,A9,-48.7,1,0:01:30,0:00:06,,,,,,,,,,,,,,,,,,,,,,,,,,,,,,,,,,,,,,,,,,,,,,,,,,,,,,,,,,,,,,,,,,,,,,,,,,,,,,,,,,,,,,,,,,,,,,
,A10,-40.4,1,0:01:30,0:00:19,,,,,,,,,,,,,,,,,,,,,,,,,,,,,,,,,,,,,,,,,,,,,,,,,,,,,,,,,,,,,,,,,,,,,,,,,,,,,,,,,,,,,,,,,,,,,,
,A11,-34.6,1,0:01:30,0:00:04,,,,,,,,,,,,,,,,,,,,,,,,,,,,,,,,,,,,,,,,,,,,,,,,,,,,,,,,,,,,,,,,,,,,,,,,,,,,,,,,,,,,,,,,,,,,,,
,A12,-46.9,1,0:01:30,0:00:28,,,,,,,,,,,,,,,,,,,,,,,,,,,,,,,,,,,,,,,,,,,,,,,,,,,,,,,,,,,,,,,,,,,,,,,,,,,,,,,,,,,,,,,,,,,,,,
,B1,-53.9,1,0:01:30,0:00:22,,,,,,,,,,,,,,,,,,,,,,,,,,,,,,,,,,,,,,,,,,,,,,,,,,,,,,,,,,,,,,,,,,,,,,,,,,,,,,,,,,,,,,,,,,,,,,
,B2,-48.1,1,0:00:30,0:00:00,,,,,,,,,,,,,,,,,,,,,,,,,,,,,,,,,,,,,,,,,,,,,,,,,,,,,,,,,,,,,,,,,,,,,,,,,,,,,,,,,,,,,,,,,,,,,,
,B3,-49.6,1,0:00:30,0:00:00,,,,,,,,,,,,,,,,,,,,,,,,,,,,,,,,,,,,,,,,,,,,,,,,,,,,,,,,,,,,,,,,,,,,,,,,,,,,,,,,,,,,,,,,,,,,,,
,B4,-60.5,1,0:01:30,0:00:33,,,,,,,,,,,,,,,,,,,,,,,,,,,,,,,,,,,,,,,,,,,,,,,,,,,,,,,,,,,,,,,,,,,,,,,,,,,,,,,,,,,,,,,,,,,,,,
,B5,-63.1,1,0:00:30,0:00:00,,,,,,,,,,,,,,,,,,,,,,,,,,,,,,,,,,,,,,,,,,,,,,,,,,,,,,,,,,,,,,,,,,,,,,,,,,,,,,,,,,,,,,,,,,,,,,
,B6,-74.4,1,0:00:30,0:00:00,,,,,,,,,,,,,,,,,,,,,,,,,,,,,,,,,,,,,,,,,,,,,,,,,,,,,,,,,,,,,,,,,,,,,,,,,,,,,,,,,,,,,,,,,,,,,,
,B7,-82.1,1,0:00:30,0:00:00,,,,,,,,,,,,,,,,,,,,,,,,,,,,,,,,,,,,,,,,,,,,,,,,,,,,,,,,,,,,,,,,,,,,,,,,,,,,,,,,,,,,,,,,,,,,,,
,B8,-103.4,1,0:00:30,0:00:00,,,,,,,,,,,,,,,,,,,,,,,,,,,,,,,,,,,,,,,,,,,,,,,,,,,,,,,,,,,,,,,,,,,,,,,,,,,,,,,,,,,,,,,,,,,,,,
,B9,-42.9,1,0:01:30,0:00:31,,,,,,,,,,,,,,,,,,,,,,,,,,,,,,,,,,,,,,,,,,,,,,,,,,,,,,,,,,,,,,,,,,,,,,,,,,,,,,,,,,,,,,,,,,,,,,
,B10,-71.9,1,0:00:30,0:00:00,,,,,,,,,,,,,,,,,,,,,,,,,,,,,,,,,,,,,,,,,,,,,,,,,,,,,,,,,,,,,,,,,,,,,,,,,,,,,,,,,,,,,,,,,,,,,,
,B11,-34.9,1,0:00:30,0:00:00,,,,,,,,,,,,,,,,,,,,,,,,,,,,,,,,,,,,,,,,,,,,,,,,,,,,,,,,,,,,,,,,,,,,,,,,,,,,,,,,,,,,,,,,,,,,,,
,B12,-44.1,1,0:00:30,0:00:00,,,,,,,,,,,,,,,,,,,,,,,,,,,,,,,,,,,,,,,,,,,,,,,,,,,,,,,,,,,,,,,,,,,,,,,,,,,,,,,,,,,,,,,,,,,,,,
,C1,-69.2,1,0:00:30,0:00:00,,,,,,,,,,,,,,,,,,,,,,,,,,,,,,,,,,,,,,,,,,,,,,,,,,,,,,,,,,,,,,,,,,,,,,,,,,,,,,,,,,,,,,,,,,,,,,
,C2,-64.8,1,0:00:30,0:00:00,,,,,,,,,,,,,,,,,,,,,,,,,,,,,,,,,,,,,,,,,,,,,,,,,,,,,,,,,,,,,,,,,,,,,,,,,,,,,,,,,,,,,,,,,,,,,,
,C3,-56.2,1,0:00:30,0:00:00,,,,,,,,,,,,,,,,,,,,,,,,,,,,,,,,,,,,,,,,,,,,,,,,,,,,,,,,,,,,,,,,,,,,,,,,,,,,,,,,,,,,,,,,,,,,,,
,C4,-77.7,1,0:00:30,0:00:00,,,,,,,,,,,,,,,,,,,,,,,,,,,,,,,,,,,,,,,,,,,,,,,,,,,,,,,,,,,,,,,,,,,,,,,,,,,,,,,,,,,,,,,,,,,,,,
,C5,-45.6,1,0:01:30,0:00:25,,,,,,,,,,,,,,,,,,,,,,,,,,,,,,,,,,,,,,,,,,,,,,,,,,,,,,,,,,,,,,,,,,,,,,,,,,,,,,,,,,,,,,,,,,,,,,
,C6,-60.8,1,0:00:30,0:00:00,,,,,,,,,,,,,,,,,,,,,,,,,,,,,,,,,,,,,,,,,,,,,,,,,,,,,,,,,,,,,,,,,,,,,,,,,,,,,,,,,,,,,,,,,,,,,,
,C7,-94.3,1,0:00:30,0:00:00,,,,,,,,,,,,,,,,,,,,,,,,,,,,,,,,,,,,,,,,,,,,,,,,,,,,,,,,,,,,,,,,,,,,,,,,,,,,,,,,,,,,,,,,,,,,,,
,C8,-63.3,1,0:00:30,0:00:00,,,,,,,,,,,,,,,,,,,,,,,,,,,,,,,,,,,,,,,,,,,,,,,,,,,,,,,,,,,,,,,,,,,,,,,,,,,,,,,,,,,,,,,,,,,,,,
,C9,-38.6,1,0:02:30,0:00:45,,,,,,,,,,,,,,,,,,,,,,,,,,,,,,,,,,,,,,,,,,,,,,,,,,,,,,,,,,,,,,,,,,,,,,,,,,,,,,,,,,,,,,,,,,,,,,
,C10,-54.2,1,0:01:30,0:00:38,,,,,,,,,,,,,,,,,,,,,,,,,,,,,,,,,,,,,,,,,,,,,,,,,,,,,,,,,,,,,,,,,,,,,,,,,,,,,,,,,,,,,,,,,,,,,,
,C11,-134.6,1,0:00:30,0:00:00,,,,,,,,,,,,,,,,,,,,,,,,,,,,,,,,,,,,,,,,,,,,,,,,,,,,,,,,,,,,,,,,,,,,,,,,,,,,,,,,,,,,,,,,,,,,,,
,C12,-40.5,1,0:01:30,0:00:13,,,,,,,,,,,,,,,,,,,,,,,,,,,,,,,,,,,,,,,,,,,,,,,,,,,,,,,,,,,,,,,,,,,,,,,,,,,,,,,,,,,,,,,,,,,,,,
,D1,-32.5,1,0:01:30,0:00:05,,,,,,,,,,,,,,,,,,,,,,,,,,,,,,,,,,,,,,,,,,,,,,,,,,,,,,,,,,,,,,,,,,,,,,,,,,,,,,,,,,,,,,,,,,,,,,
,D2,-43.3,1,0:01:30,0:00:02,,,,,,,,,,,,,,,,,,,,,,,,,,,,,,,,,,,,,,,,,,,,,,,,,,,,,,,,,,,,,,,,,,,,,,,,,,,,,,,,,,,,,,,,,,,,,,
,D3,-40.8,1,0:01:30,0:00:26,,,,,,,,,,,,,,,,,,,,,,,,,,,,,,,,,,,,,,,,,,,,,,,,,,,,,,,,,,,,,,,,,,,,,,,,,,,,,,,,,,,,,,,,,,,,,,
,D4,-56.1,1,0:01:30,0:00:27,,,,,,,,,,,,,,,,,,,,,,,,,,,,,,,,,,,,,,,,,,,,,,,,,,,,,,,,,,,,,,,,,,,,,,,,,,,,,,,,,,,,,,,,,,,,,,
,D5,-99.8,1,0:00:30,0:00:00,,,,,,,,,,,,,,,,,,,,,,,,,,,,,,,,,,,,,,,,,,,,,,,,,,,,,,,,,,,,,,,,,,,,,,,,,,,,,,,,,,,,,,,,,,,,,,
,D6,-60.7,1,0:00:30,0:00:00,,,,,,,,,,,,,,,,,,,,,,,,,,,,,,,,,,,,,,,,,,,,,,,,,,,,,,,,,,,,,,,,,,,,,,,,,,,,,,,,,,,,,,,,,,,,,,
,D7,-48.3,1,0:00:30,0:00:00,,,,,,,,,,,,,,,,,,,,,,,,,,,,,,,,,,,,,,,,,,,,,,,,,,,,,,,,,,,,,,,,,,,,,,,,,,,,,,,,,,,,,,,,,,,,,,
,D8,-74.1,1,0:00:30,0:00:00,,,,,,,,,,,,,,,,,,,,,,,,,,,,,,,,,,,,,,,,,,,,,,,,,,,,,,,,,,,,,,,,,,,,,,,,,,,,,,,,,,,,,,,,,,,,,,
,D9,-44.1,1,0:01:30,0:00:01,,,,,,,,,,,,,,,,,,,,,,,,,,,,,,,,,,,,,,,,,,,,,,,,,,,,,,,,,,,,,,,,,,,,,,,,,,,,,,,,,,,,,,,,,,,,,,
,D10,-67.6,1,0:00:30,0:00:00,,,,,,,,,,,,,,,,,,,,,,,,,,,,,,,,,,,,,,,,,,,,,,,,,,,,,,,,,,,,,,,,,,,,,,,,,,,,,,,,,,,,,,,,,,,,,,
,D11,-66.1,1,0:00:30,0:00:00,,,,,,,,,,,,,,,,,,,,,,,,,,,,,,,,,,,,,,,,,,,,,,,,,,,,,,,,,,,,,,,,,,,,,,,,,,,,,,,,,,,,,,,,,,,,,,
,D12,-51.6,1,0:01:30,0:00:16,,,,,,,,,,,,,,,,,,,,,,,,,,,,,,,,,,,,,,,,,,,,,,,,,,,,,,,,,,,,,,,,,,,,,,,,,,,,,,,,,,,,,,,,,,,,,,
,E1,-65.8,1,0:00:30,0:00:00,,,,,,,,,,,,,,,,,,,,,,,,,,,,,,,,,,,,,,,,,,,,,,,,,,,,,,,,,,,,,,,,,,,,,,,,,,,,,,,,,,,,,,,,,,,,,,
,E2,-41.1,1,0:01:30,0:00:29,,,,,,,,,,,,,,,,,,,,,,,,,,,,,,,,,,,,,,,,,,,,,,,,,,,,,,,,,,,,,,,,,,,,,,,,,,,,,,,,,,,,,,,,,,,,,,
,E3,-89.7,1,0:00:30,0:00:00,,,,,,,,,,,,,,,,,,,,,,,,,,,,,,,,,,,,,,,,,,,,,,,,,,,,,,,,,,,,,,,,,,,,,,,,,,,,,,,,,,,,,,,,,,,,,,
,E4,-57.8,1,0:01:30,0:00:13,,,,,,,,,,,,,,,,,,,,,,,,,,,,,,,,,,,,,,,,,,,,,,,,,,,,,,,,,,,,,,,,,,,,,,,,,,,,,,,,,,,,,,,,,,,,,,
,E5,-56.3,1,0:00:30,0:00:00,,,,,,,,,,,,,,,,,,,,,,,,,,,,,,,,,,,,,,,,,,,,,,,,,,,,,,,,,,,,,,,,,,,,,,,,,,,,,,,,,,,,,,,,,,,,,,
,E6,-48.4,1,0:00:30,0:00:00,,,,,,,,,,,,,,,,,,,,,,,,,,,,,,,,,,,,,,,,,,,,,,,,,,,,,,,,,,,,,,,,,,,,,,,,,,,,,,,,,,,,,,,,,,,,,,
,E7,-47.2,1,0:01:30,0:00:03,,,,,,,,,,,,,,,,,,,,,,,,,,,,,,,,,,,,,,,,,,,,,,,,,,,,,,,,,,,,,,,,,,,,,,,,,,,,,,,,,,,,,,,,,,,,,,
,E8,-46.7,1,0:01:30,0:00:10,,,,,,,,,,,,,,,,,,,,,,,,,,,,,,,,,,,,,,,,,,,,,,,,,,,,,,,,,,,,,,,,,,,,,,,,,,,,,,,,,,,,,,,,,,,,,,
,E9,-45.7,1,0:00:30,0:00:00,,,,,,,,,,,,,,,,,,,,,,,,,,,,,,,,,,,,,,,,,,,,,,,,,,,,,,,,,,,,,,,,,,,,,,,,,,,,,,,,,,,,,,,,,,,,,,
,E10,-48.2,1,0:00:30,0:00:00,,,,,,,,,,,,,,,,,,,,,,,,,,,,,,,,,,,,,,,,,,,,,,,,,,,,,,,,,,,,,,,,,,,,,,,,,,,,,,,,,,,,,,,,,,,,,,
,E11,-43.3,1,0:01:30,0:00:18,,,,,,,,,,,,,,,,,,,,,,,,,,,,,,,,,,,,,,,,,,,,,,,,,,,,,,,,,,,,,,,,,,,,,,,,,,,,,,,,,,,,,,,,,,,,,,
,E12,-44,1,0:01:30,0:00:03,,,,,,,,,,,,,,,,,,,,,,,,,,,,,,,,,,,,,,,,,,,,,,,,,,,,,,,,,,,,,,,,,,,,,,,,,,,,,,,,,,,,,,,,,,,,,,
,F1,-58.1,1,0:01:30,0:00:13,,,,,,,,,,,,,,,,,,,,,,,,,,,,,,,,,,,,,,,,,,,,,,,,,,,,,,,,,,,,,,,,,,,,,,,,,,,,,,,,,,,,,,,,,,,,,,
,F2,-133.9,1,0:00:30,0:00:00,,,,,,,,,,,,,,,,,,,,,,,,,,,,,,,,,,,,,,,,,,,,,,,,,,,,,,,,,,,,,,,,,,,,,,,,,,,,,,,,,,,,,,,,,,,,,,
,F3,-95.6,1,0:00:30,0:00:00,,,,,,,,,,,,,,,,,,,,,,,,,,,,,,,,,,,,,,,,,,,,,,,,,,,,,,,,,,,,,,,,,,,,,,,,,,,,,,,,,,,,,,,,,,,,,,
,F4,-58.8,1,0:00:30,0:00:00,,,,,,,,,,,,,,,,,,,,,,,,,,,,,,,,,,,,,,,,,,,,,,,,,,,,,,,,,,,,,,,,,,,,,,,,,,,,,,,,,,,,,,,,,,,,,,
,F5,-41.3,1,0:01:30,0:00:12,,,,,,,,,,,,,,,,,,,,,,,,,,,,,,,,,,,,,,,,,,,,,,,,,,,,,,,,,,,,,,,,,,,,,,,,,,,,,,,,,,,,,,,,,,,,,,
,F6,-46.3,1,0:00:30,0:00:00,,,,,,,,,,,,,,,,,,,,,,,,,,,,,,,,,,,,,,,,,,,,,,,,,,,,,,,,,,,,,,,,,,,,,,,,,,,,,,,,,,,,,,,,,,,,,,
,F7,-66.3,1,0:00:30,0:00:00,,,,,,,,,,,,,,,,,,,,,,,,,,,,,,,,,,,,,,,,,,,,,,,,,,,,,,,,,,,,,,,,,,,,,,,,,,,,,,,,,,,,,,,,,,,,,,
,F8,-47.3,1,0:00:30,0:00:00,,,,,,,,,,,,,,,,,,,,,,,,,,,,,,,,,,,,,,,,,,,,,,,,,,,,,,,,,,,,,,,,,,,,,,,,,,,,,,,,,,,,,,,,,,,,,,
,F9,-92.6,1,0:00:30,0:00:00,,,,,,,,,,,,,,,,,,,,,,,,,,,,,,,,,,,,,,,,,,,,,,,,,,,,,,,,,,,,,,,,,,,,,,,,,,,,,,,,,,,,,,,,,,,,,,
,F10,-42.8,1,0:01:30,0:00:26,,,,,,,,,,,,,,,,,,,,,,,,,,,,,,,,,,,,,,,,,,,,,,,,,,,,,,,,,,,,,,,,,,,,,,,,,,,,,,,,,,,,,,,,,,,,,,
,F11,-65.5,1,0:00:30,0:00:00,,,,,,,,,,,,,,,,,,,,,,,,,,,,,,,,,,,,,,,,,,,,,,,,,,,,,,,,,,,,,,,,,,,,,,,,,,,,,,,,,,,,,,,,,,,,,,
,F12,-44.6,1,0:01:30,0:00:02,,,,,,,,,,,,,,,,,,,,,,,,,,,,,,,,,,,,,,,,,,,,,,,,,,,,,,,,,,,,,,,,,,,,,,,,,,,,,,,,,,,,,,,,,,,,,,
,G1,-48.6,1,0:02:30,0:00:17,,,,,,,,,,,,,,,,,,,,,,,,,,,,,,,,,,,,,,,,,,,,,,,,,,,,,,,,,,,,,,,,,,,,,,,,,,,,,,,,,,,,,,,,,,,,,,
,G2,-58.1,1,0:00:30,0:00:00,,,,,,,,,,,,,,,,,,,,,,,,,,,,,,,,,,,,,,,,,,,,,,,,,,,,,,,,,,,,,,,,,,,,,,,,,,,,,,,,,,,,,,,,,,,,,,
,G3,-60.7,1,0:00:30,0:00:00,,,,,,,,,,,,,,,,,,,,,,,,,,,,,,,,,,,,,,,,,,,,,,,,,,,,,,,,,,,,,,,,,,,,,,,,,,,,,,,,,,,,,,,,,,,,,,
,G4,-56.6,1,0:00:30,0:00:00,,,,,,,,,,,,,,,,,,,,,,,,,,,,,,,,,,,,,,,,,,,,,,,,,,,,,,,,,,,,,,,,,,,,,,,,,,,,,,,,,,,,,,,,,,,,,,
,G5,-56.7,1,0:01:30,0:00:08,,,,,,,,,,,,,,,,,,,,,,,,,,,,,,,,,,,,,,,,,,,,,,,,,,,,,,,,,,,,,,,,,,,,,,,,,,,,,,,,,,,,,,,,,,,,,,
,G6,-93.5,1,0:00:30,0:00:00,,,,,,,,,,,,,,,,,,,,,,,,,,,,,,,,,,,,,,,,,,,,,,,,,,,,,,,,,,,,,,,,,,,,,,,,,,,,,,,,,,,,,,,,,,,,,,
,G7,-71,1,0:00:30,0:00:00,,,,,,,,,,,,,,,,,,,,,,,,,,,,,,,,,,,,,,,,,,,,,,,,,,,,,,,,,,,,,,,,,,,,,,,,,,,,,,,,,,,,,,,,,,,,,,
,G8,-81.6,1,0:00:30,0:00:00,,,,,,,,,,,,,,,,,,,,,,,,,,,,,,,,,,,,,,,,,,,,,,,,,,,,,,,,,,,,,,,,,,,,,,,,,,,,,,,,,,,,,,,,,,,,,,
,G9,-61.5,1,0:00:30,0:00:00,,,,,,,,,,,,,,,,,,,,,,,,,,,,,,,,,,,,,,,,,,,,,,,,,,,,,,,,,,,,,,,,,,,,,,,,,,,,,,,,,,,,,,,,,,,,,,
,G10,0.1,1,0:00:30,0:00:00,,,,,,,,,,,,,,,,,,,,,,,,,,,,,,,,,,,,,,,,,,,,,,,,,,,,,,,,,,,,,,,,,,,,,,,,,,,,,,,,,,,,,,,,,,,,,,
,G11,-0.3,1,0:10:30,0:06:40,,,,,,,,,,,,,,,,,,,,,,,,,,,,,,,,,,,,,,,,,,,,,,,,,,,,,,,,,,,,,,,,,,,,,,,,,,,,,,,,,,,,,,,,,,,,,,
,G12,0.5,1,0:31:30,0:25:48,,,,,,,,,,,,,,,,,,,,,,,,,,,,,,,,,,,,,,,,,,,,,,,,,,,,,,,,,,,,,,,,,,,,,,,,,,,,,,,,,,,,,,,,,,,,,,
,H1,-0.2,1,0:29:30,0:29:30,,,,,,,,,,,,,,,,,,,,,,,,,,,,,,,,,,,,,,,,,,,,,,,,,,,,,,,,,,,,,,,,,,,,,,,,,,,,,,,,,,,,,,,,,,,,,,
,H2,-0.2,1,0:31:30,0:31:30,,,,,,,,,,,,,,,,,,,,,,,,,,,,,,,,,,,,,,,,,,,,,,,,,,,,,,,,,,,,,,,,,,,,,,,,,,,,,,,,,,,,,,,,,,,,,,
,H3,-0.2,1,0:18:30,0:18:30,,,,,,,,,,,,,,,,,,,,,,,,,,,,,,,,,,,,,,,,,,,,,,,,,,,,,,,,,,,,,,,,,,,,,,,,,,,,,,,,,,,,,,,,,,,,,,
,H4,0.2,1,0:00:30,0:00:00,,,,,,,,,,,,,,,,,,,,,,,,,,,,,,,,,,,,,,,,,,,,,,,,,,,,,,,,,,,,,,,,,,,,,,,,,,,,,,,,,,,,,,,,,,,,,,
,H5,0.1,1,0:37:30,0:37:00,,,,,,,,,,,,,,,,,,,,,,,,,,,,,,,,,,,,,,,,,,,,,,,,,,,,,,,,,,,,,,,,,,,,,,,,,,,,,,,,,,,,,,,,,,,,,,
,H6,0.1,1,0:00:30,0:00:00,,,,,,,,,,,,,,,,,,,,,,,,,,,,,,,,,,,,,,,,,,,,,,,,,,,,,,,,,,,,,,,,,,,,,,,,,,,,,,,,,,,,,,,,,,,,,,
,H7,-0.1,1,0:02:30,0:02:00,,,,,,,,,,,,,,,,,,,,,,,,,,,,,,,,,,,,,,,,,,,,,,,,,,,,,,,,,,,,,,,,,,,,,,,,,,,,,,,,,,,,,,,,,,,,,,
,H8,0.2,1,0:09:30,0:10:30,,,,,,,,,,,,,,,,,,,,,,,,,,,,,,,,,,,,,,,,,,,,,,,,,,,,,,,,,,,,,,,,,,,,,,,,,,,,,,,,,,,,,,,,,,,,,,
,H9,0.1,1,0:01:30,0:01:00,,,,,,,,,,,,,,,,,,,,,,,,,,,,,,,,,,,,,,,,,,,,,,,,,,,,,,,,,,,,,,,,,,,,,,,,,,,,,,,,,,,,,,,,,,,,,,
,H10,0.2,1,0:00:30,0:00:00,,,,,,,,,,,,,,,,,,,,,,,,,,,,,,,,,,,,,,,,,,,,,,,,,,,,,,,,,,,,,,,,,,,,,,,,,,,,,,,,,,,,,,,,,,,,,,
,H11,-0.2,1,0:03:30,0:03:30,,,,,,,,,,,,,,,,,,,,,,,,,,,,,,,,,,,,,,,,,,,,,,,,,,,,,,,,,,,,,,,,,,,,,,,,,,,,,,,,,,,,,,,,,,,,,,
,H12,0.1,1,0:32:30,0:32:00,,,,,,,,,,,,,,,,,,,,,,,,,,,,,,,,,,,,,,,,,,,,,,,,,,,,,,,,,,,,,,,,,,,,,,,,,,,,,,,,,,,,,,,,,,,,,,